TimeQuest Timing Analyzer report for z486_mister
Fri Sep 11 01:13:57 2026
Quartus Prime Version 17.1.0 Build 590 10/25/2017 SJ Lite Edition


---------------------
; Table of Contents ;
---------------------
  1. Legal Notice
  2. TimeQuest Timing Analyzer Summary
  3. Parallel Compilation
  4. SDC File List
  5. Clocks
  6. Fmax Summary
  7. Timing Closure Recommendations
  8. Setup Summary
  9. Hold Summary
 10. Recovery Summary
 11. Removal Summary
 12. Minimum Pulse Width Summary
 13. Metastability Summary
 14. Board Trace Model Assignments
 15. Input Transition Times
 16. Signal Integrity Metrics (Slow 1100mv 100c Model)
 17. Setup Transfers
 18. Hold Transfers
 19. Recovery Transfers
 20. Removal Transfers
 21. Report TCCS
 22. Report RSKM
 23. Unconstrained Paths Summary
 24. Clock Status Summary
 25. Unconstrained Input Ports
 26. Unconstrained Output Ports
 27. Unconstrained Input Ports
 28. Unconstrained Output Ports
 29. TimeQuest Timing Analyzer Messages



----------------
; Legal Notice ;
----------------
Copyright (C) 2017  Intel Corporation. All rights reserved.
Your use of Intel Corporation's design tools, logic functions 
and other software and tools, and its AMPP partner logic 
functions, and any output files from any of the foregoing 
(including device programming or simulation files), and any 
associated documentation or information are expressly subject 
to the terms and conditions of the Intel Program License 
Subscription Agreement, the Intel Quartus Prime License Agreement,
the Intel FPGA IP License Agreement, or other applicable license
agreement, including, without limitation, that your use is for
the sole purpose of programming logic devices manufactured by
Intel and sold by Intel or its authorized distributors.  Please
refer to the applicable agreement for further details.



+-----------------------------------------------------------------------------+
; TimeQuest Timing Analyzer Summary                                           ;
+-----------------------+-----------------------------------------------------+
; Quartus Prime Version ; Version 17.1.0 Build 590 10/25/2017 SJ Lite Edition ;
; Timing Analyzer       ; TimeQuest                                           ;
; Revision Name         ; z486_mister                                         ;
; Device Family         ; Cyclone V                                           ;
; Device Name           ; 5CSEBA6U23I7                                        ;
; Timing Models         ; Final                                               ;
; Delay Model           ; Slow 1100mV 100C Model                              ;
; Rise/Fall Delays      ; Enabled                                             ;
+-----------------------+-----------------------------------------------------+


+------------------------------------------+
; Parallel Compilation                     ;
+----------------------------+-------------+
; Processors                 ; Number      ;
+----------------------------+-------------+
; Number detected on machine ; 6           ;
; Maximum allowed            ; 6           ;
;                            ;             ;
; Average used               ; 2.79        ;
; Maximum used               ; 6           ;
;                            ;             ;
; Usage by Processor         ; % Time Used ;
;     Processor 1            ; 100.0%      ;
;     Processor 2            ;  59.8%      ;
;     Processor 3            ;  59.6%      ;
;     Processor 4            ;  59.4%      ;
;     Processor 5            ;   0.1%      ;
;     Processor 6            ;   0.0%      ;
+----------------------------+-------------+


+-----------------------------------------------------+
; SDC File List                                       ;
+-----------------+--------+--------------------------+
; SDC File Path   ; Status ; Read at                  ;
+-----------------+--------+--------------------------+
; sys/sys_top.sdc ; OK     ; Fri Sep 11 01:13:36 2026 ;
; z486_mister.sdc ; OK     ; Fri Sep 11 01:13:36 2026 ;
+-----------------+--------+--------------------------+


+--------------------------------------------------------------------------------------------------------------------------------------------------------------------------------------------------------------------------------------------------------------------------------------------------------------------------------------------------------------------------------------------------------------------------------------------------------------------------------------------------+
; Clocks                                                                                                                                                                                                                                                                                                                                                                                                                                                                                           ;
+-----------------------------------------------------------------------------------+-----------+---------+------------+-------+--------+------------+-----------+-------------+-------+--------+-----------+------------+----------+-------------------------------------------------------------------------------+--------------------------------------------------------------------------------------+---------------------------------------------------------------------------------------+
; Clock Name                                                                        ; Type      ; Period  ; Frequency  ; Rise  ; Fall   ; Duty Cycle ; Divide by ; Multiply by ; Phase ; Offset ; Edge List ; Edge Shift ; Inverted ; Master                                                                        ; Source                                                                               ; Targets                                                                               ;
+-----------------------------------------------------------------------------------+-----------+---------+------------+-------+--------+------------+-----------+-------------+-------+--------+-----------+------------+----------+-------------------------------------------------------------------------------+--------------------------------------------------------------------------------------+---------------------------------------------------------------------------------------+
; emu|pll|pll_inst|altera_pll_i|general[0].gpll~FRACTIONAL_PLL|vcoph[0]             ; Generated ; 2.941   ; 340.0 MHz  ; 0.000 ; 1.470  ; 50.00      ; 5         ; 34          ;       ;        ;           ;            ; false    ; FPGA_CLK2_50                                                                  ; emu|pll|pll_inst|altera_pll_i|general[0].gpll~FRACTIONAL_PLL|refclkin                ; { emu|pll|pll_inst|altera_pll_i|general[0].gpll~FRACTIONAL_PLL|vcoph[0] }             ;
; emu|pll|pll_inst|altera_pll_i|general[0].gpll~PLL_OUTPUT_COUNTER|divclk           ; Generated ; 11.764  ; 85.0 MHz   ; 0.000 ; 5.882  ; 50.00      ; 4         ; 1           ;       ;        ;           ;            ; false    ; emu|pll|pll_inst|altera_pll_i|general[0].gpll~FRACTIONAL_PLL|vcoph[0]         ; emu|pll|pll_inst|altera_pll_i|general[0].gpll~PLL_OUTPUT_COUNTER|vco0ph[0]           ; { emu|pll|pll_inst|altera_pll_i|general[0].gpll~PLL_OUTPUT_COUNTER|divclk }           ;
; emu|pll|pll_inst|altera_pll_i|general[1].gpll~PLL_OUTPUT_COUNTER|divclk           ; Generated ; 11.764  ; 85.0 MHz   ; 5.882 ; 11.764 ; 50.00      ; 4         ; 1           ; 180.0 ;        ;           ;            ; false    ; emu|pll|pll_inst|altera_pll_i|general[0].gpll~FRACTIONAL_PLL|vcoph[0]         ; emu|pll|pll_inst|altera_pll_i|general[1].gpll~PLL_OUTPUT_COUNTER|vco0ph[0]           ; { emu|pll|pll_inst|altera_pll_i|general[1].gpll~PLL_OUTPUT_COUNTER|divclk }           ;
; FPGA_CLK1_50                                                                      ; Base      ; 20.000  ; 50.0 MHz   ; 0.000 ; 10.000 ;            ;           ;             ;       ;        ;           ;            ;          ;                                                                               ;                                                                                      ; { FPGA_CLK1_50 }                                                                      ;
; FPGA_CLK2_50                                                                      ; Base      ; 20.000  ; 50.0 MHz   ; 0.000 ; 10.000 ;            ;           ;             ;       ;        ;           ;            ;          ;                                                                               ;                                                                                      ; { FPGA_CLK2_50 }                                                                      ;
; FPGA_CLK3_50                                                                      ; Base      ; 20.000  ; 50.0 MHz   ; 0.000 ; 10.000 ;            ;           ;             ;       ;        ;           ;            ;          ;                                                                               ;                                                                                      ; { FPGA_CLK3_50 }                                                                      ;
; hdmi_sck                                                                          ; Base      ; 100.000 ; 10.0 MHz   ; 0.000 ; 50.000 ;            ;           ;             ;       ;        ;           ;            ;          ;                                                                               ;                                                                                      ; { hdmi_i2c|out_clk }                                                                  ;
; pll_audio|pll_audio_inst|altera_pll_i|general[0].gpll~FRACTIONAL_PLL|vcoph[0]     ; Generated ; 2.393   ; 417.87 MHz ; 0.000 ; 1.196  ; 50.00      ; 512       ; 4279        ;       ;        ;           ;            ; false    ; FPGA_CLK3_50                                                                  ; pll_audio|pll_audio_inst|altera_pll_i|general[0].gpll~FRACTIONAL_PLL|refclkin        ; { pll_audio|pll_audio_inst|altera_pll_i|general[0].gpll~FRACTIONAL_PLL|vcoph[0] }     ;
; pll_audio|pll_audio_inst|altera_pll_i|general[0].gpll~PLL_OUTPUT_COUNTER|divclk   ; Generated ; 40.682  ; 24.58 MHz  ; 0.000 ; 20.341 ; 50.00      ; 17        ; 1           ;       ;        ;           ;            ; false    ; pll_audio|pll_audio_inst|altera_pll_i|general[0].gpll~FRACTIONAL_PLL|vcoph[0] ; pll_audio|pll_audio_inst|altera_pll_i|general[0].gpll~PLL_OUTPUT_COUNTER|vco0ph[0]   ; { pll_audio|pll_audio_inst|altera_pll_i|general[0].gpll~PLL_OUTPUT_COUNTER|divclk }   ;
; pll_hdmi|pll_hdmi_inst|altera_pll_i|cyclonev_pll|counter[0].output_counter|divclk ; Generated ; 6.732   ; 148.54 MHz ; 0.000 ; 3.366  ; 50.00      ; 3         ; 1           ;       ;        ;           ;            ; false    ; pll_hdmi|pll_hdmi_inst|altera_pll_i|cyclonev_pll|fpll_0|fpll|vcoph[0]         ; pll_hdmi|pll_hdmi_inst|altera_pll_i|cyclonev_pll|counter[0].output_counter|vco0ph[0] ; { pll_hdmi|pll_hdmi_inst|altera_pll_i|cyclonev_pll|counter[0].output_counter|divclk } ;
; pll_hdmi|pll_hdmi_inst|altera_pll_i|cyclonev_pll|fpll_0|fpll|vcoph[0]             ; Generated ; 2.244   ; 445.61 MHz ; 0.000 ; 1.122  ; 50.00      ; 512       ; 4563        ;       ;        ;           ;            ; false    ; FPGA_CLK1_50                                                                  ; pll_hdmi|pll_hdmi_inst|altera_pll_i|cyclonev_pll|fpll_0|fpll|refclkin                ; { pll_hdmi|pll_hdmi_inst|altera_pll_i|cyclonev_pll|fpll_0|fpll|vcoph[0] }             ;
; spi_sck                                                                           ; Base      ; 10.000  ; 100.0 MHz  ; 0.000 ; 5.000  ;            ;           ;             ;       ;        ;           ;            ;          ;                                                                               ;                                                                                      ; { spi|sclk_out }                                                                      ;
; sysmem|fpga_interfaces|clocks_resets|h2f_user0_clk                                ; Base      ; 10.000  ; 100.0 MHz  ; 0.000 ; 5.000  ;            ;           ;             ;       ;        ;           ;            ;          ;                                                                               ;                                                                                      ; { sysmem|fpga_interfaces|clocks_resets|h2f_user0_clk }                                ;
+-----------------------------------------------------------------------------------+-----------+---------+------------+-------+--------+------------+-----------+-------------+-------+--------+-----------+------------+----------+-------------------------------------------------------------------------------+--------------------------------------------------------------------------------------+---------------------------------------------------------------------------------------+


+-------------------------------------------------------------------------------------------------------------------------+
; Fmax Summary                                                                                                            ;
+------------+-----------------+-----------------------------------------------------------------------------------+------+
; Fmax       ; Restricted Fmax ; Clock Name                                                                        ; Note ;
+------------+-----------------+-----------------------------------------------------------------------------------+------+
; 39.2 MHz   ; 39.2 MHz        ; pll_audio|pll_audio_inst|altera_pll_i|general[0].gpll~PLL_OUTPUT_COUNTER|divclk   ;      ;
; 54.77 MHz  ; 54.77 MHz       ; emu|pll|pll_inst|altera_pll_i|general[0].gpll~PLL_OUTPUT_COUNTER|divclk           ;      ;
; 84.78 MHz  ; 84.78 MHz       ; FPGA_CLK1_50                                                                      ;      ;
; 119.47 MHz ; 119.47 MHz      ; FPGA_CLK2_50                                                                      ;      ;
; 145.24 MHz ; 145.24 MHz      ; pll_hdmi|pll_hdmi_inst|altera_pll_i|cyclonev_pll|counter[0].output_counter|divclk ;      ;
; 156.74 MHz ; 156.74 MHz      ; sysmem|fpga_interfaces|clocks_resets|h2f_user0_clk                                ;      ;
; 211.15 MHz ; 211.15 MHz      ; spi_sck                                                                           ;      ;
+------------+-----------------+-----------------------------------------------------------------------------------+------+
This panel reports FMAX for every clock in the design, regardless of the user-specified clock periods.  FMAX is only computed for paths where the source and destination registers or ports are driven by the same clock.  Paths of different clocks, including generated clocks, are ignored.  For paths between a clock and its inversion, FMAX is computed as if the rising and falling edges are scaled along with FMAX, such that the duty cycle (in terms of a percentage) is maintained. Altera recommends that you always use clock constraints and other slack reports for sign-off analysis.


----------------------------------
; Timing Closure Recommendations ;
----------------------------------
HTML report is unavailable in plain text report export.


+------------------------------------------------------------------------------------------------------------+
; Setup Summary                                                                                              ;
+-----------------------------------------------------------------------------------+--------+---------------+
; Clock                                                                             ; Slack  ; End Point TNS ;
+-----------------------------------------------------------------------------------+--------+---------------+
; emu|pll|pll_inst|altera_pll_i|general[0].gpll~PLL_OUTPUT_COUNTER|divclk           ; -6.493 ; -30813.210    ;
; pll_hdmi|pll_hdmi_inst|altera_pll_i|cyclonev_pll|counter[0].output_counter|divclk ; -0.153 ; -0.609        ;
; sysmem|fpga_interfaces|clocks_resets|h2f_user0_clk                                ; 3.620  ; 0.000         ;
; spi_sck                                                                           ; 5.264  ; 0.000         ;
; FPGA_CLK1_50                                                                      ; 8.205  ; 0.000         ;
; FPGA_CLK2_50                                                                      ; 11.630 ; 0.000         ;
; pll_audio|pll_audio_inst|altera_pll_i|general[0].gpll~PLL_OUTPUT_COUNTER|divclk   ; 15.172 ; 0.000         ;
+-----------------------------------------------------------------------------------+--------+---------------+


+-----------------------------------------------------------------------------------------------------------+
; Hold Summary                                                                                              ;
+-----------------------------------------------------------------------------------+-------+---------------+
; Clock                                                                             ; Slack ; End Point TNS ;
+-----------------------------------------------------------------------------------+-------+---------------+
; pll_audio|pll_audio_inst|altera_pll_i|general[0].gpll~PLL_OUTPUT_COUNTER|divclk   ; 0.184 ; 0.000         ;
; pll_hdmi|pll_hdmi_inst|altera_pll_i|cyclonev_pll|counter[0].output_counter|divclk ; 0.201 ; 0.000         ;
; emu|pll|pll_inst|altera_pll_i|general[0].gpll~PLL_OUTPUT_COUNTER|divclk           ; 0.246 ; 0.000         ;
; FPGA_CLK1_50                                                                      ; 0.286 ; 0.000         ;
; FPGA_CLK2_50                                                                      ; 0.308 ; 0.000         ;
; sysmem|fpga_interfaces|clocks_resets|h2f_user0_clk                                ; 0.385 ; 0.000         ;
; spi_sck                                                                           ; 0.402 ; 0.000         ;
+-----------------------------------------------------------------------------------+-------+---------------+


+------------------------------------------------------------------------------------------------------------+
; Recovery Summary                                                                                           ;
+-----------------------------------------------------------------------------------+--------+---------------+
; Clock                                                                             ; Slack  ; End Point TNS ;
+-----------------------------------------------------------------------------------+--------+---------------+
; pll_hdmi|pll_hdmi_inst|altera_pll_i|cyclonev_pll|counter[0].output_counter|divclk ; 3.682  ; 0.000         ;
; sysmem|fpga_interfaces|clocks_resets|h2f_user0_clk                                ; 6.236  ; 0.000         ;
; emu|pll|pll_inst|altera_pll_i|general[0].gpll~PLL_OUTPUT_COUNTER|divclk           ; 8.254  ; 0.000         ;
; FPGA_CLK1_50                                                                      ; 16.123 ; 0.000         ;
; pll_audio|pll_audio_inst|altera_pll_i|general[0].gpll~PLL_OUTPUT_COUNTER|divclk   ; 38.218 ; 0.000         ;
+-----------------------------------------------------------------------------------+--------+---------------+


+-----------------------------------------------------------------------------------------------------------+
; Removal Summary                                                                                           ;
+-----------------------------------------------------------------------------------+-------+---------------+
; Clock                                                                             ; Slack ; End Point TNS ;
+-----------------------------------------------------------------------------------+-------+---------------+
; pll_audio|pll_audio_inst|altera_pll_i|general[0].gpll~PLL_OUTPUT_COUNTER|divclk   ; 1.162 ; 0.000         ;
; FPGA_CLK1_50                                                                      ; 1.266 ; 0.000         ;
; sysmem|fpga_interfaces|clocks_resets|h2f_user0_clk                                ; 1.267 ; 0.000         ;
; pll_hdmi|pll_hdmi_inst|altera_pll_i|cyclonev_pll|counter[0].output_counter|divclk ; 1.454 ; 0.000         ;
; emu|pll|pll_inst|altera_pll_i|general[0].gpll~PLL_OUTPUT_COUNTER|divclk           ; 1.706 ; 0.000         ;
+-----------------------------------------------------------------------------------+-------+---------------+


+------------------------------------------------------------------------------------------------------------+
; Minimum Pulse Width Summary                                                                                ;
+-----------------------------------------------------------------------------------+--------+---------------+
; Clock                                                                             ; Slack  ; End Point TNS ;
+-----------------------------------------------------------------------------------+--------+---------------+
; pll_hdmi|pll_hdmi_inst|altera_pll_i|cyclonev_pll|fpll_0|fpll|vcoph[0]             ; 1.122  ; 0.000         ;
; pll_audio|pll_audio_inst|altera_pll_i|general[0].gpll~FRACTIONAL_PLL|vcoph[0]     ; 1.196  ; 0.000         ;
; emu|pll|pll_inst|altera_pll_i|general[0].gpll~FRACTIONAL_PLL|vcoph[0]             ; 1.470  ; 0.000         ;
; pll_hdmi|pll_hdmi_inst|altera_pll_i|cyclonev_pll|counter[0].output_counter|divclk ; 1.924  ; 0.000         ;
; sysmem|fpga_interfaces|clocks_resets|h2f_user0_clk                                ; 3.584  ; 0.000         ;
; spi_sck                                                                           ; 4.205  ; 0.000         ;
; emu|pll|pll_inst|altera_pll_i|general[0].gpll~PLL_OUTPUT_COUNTER|divclk           ; 4.448  ; 0.000         ;
; FPGA_CLK2_50                                                                      ; 9.206  ; 0.000         ;
; FPGA_CLK1_50                                                                      ; 9.207  ; 0.000         ;
; FPGA_CLK3_50                                                                      ; 9.730  ; 0.000         ;
; pll_audio|pll_audio_inst|altera_pll_i|general[0].gpll~PLL_OUTPUT_COUNTER|divclk   ; 18.914 ; 0.000         ;
+-----------------------------------------------------------------------------------+--------+---------------+


-------------------------
; Metastability Summary ;
-------------------------
Design MTBF is not calculated because the design doesn't meet its timing requirements.



+------------------------------------------------------------------------------------------------------------------------------------------------------------------------------------------------------------------------------------------------------------------------------------------------------------------------------------------------------------------------------------------------------------------+
; Board Trace Model Assignments                                                                                                                                                                                                                                                                                                                                                                                    ;
+---------------+--------------+-------------------+-------------------------+-------------------------+---------------+---------------------+----------------+------------------+--------+------------------+------------------------+------------------------+--------------+---------------+-----------------+-------+---------------------+--------------------+---------------+-----------------+-------------+
; Pin           ; I/O Standard ; Near Tline Length ; Near Tline L per Length ; Near Tline C per Length ; Near Series R ; Near Differential R ; Near Pull-up R ; Near Pull-down R ; Near C ; Far Tline Length ; Far Tline L per Length ; Far Tline C per Length ; Far Series R ; Far Pull-up R ; Far Pull-down R ; Far C ; Termination Voltage ; Far Differential R ; EBD File Name ; EBD Signal Name ; EBD Far-end ;
+---------------+--------------+-------------------+-------------------------+-------------------------+---------------+---------------------+----------------+------------------+--------+------------------+------------------------+------------------------+--------------+---------------+-----------------+-------+---------------------+--------------------+---------------+-----------------+-------------+
; HDMI_TX_CLK   ; 3.3-V LVTTL  ; 0 in              ; 0 H/in                  ; 0 F/in                  ; short         ; -                   ; open           ; open             ; open   ; 0 in             ; 0 H/in                 ; 0 F/in                 ; short        ; open          ; open            ; open  ; 0 V                 ; -                  ; n/a           ; n/a             ; n/a         ;
; LED_USER      ; 3.3-V LVTTL  ; 0 in              ; 0 H/in                  ; 0 F/in                  ; short         ; -                   ; open           ; open             ; open   ; 0 in             ; 0 H/in                 ; 0 F/in                 ; short        ; open          ; open            ; open  ; 0 V                 ; -                  ; n/a           ; n/a             ; n/a         ;
; SD_SPI_CLK    ; 3.3-V LVTTL  ; 0 in              ; 0 H/in                  ; 0 F/in                  ; short         ; -                   ; open           ; open             ; open   ; 0 in             ; 0 H/in                 ; 0 F/in                 ; short        ; open          ; open            ; open  ; 0 V                 ; -                  ; n/a           ; n/a             ; n/a         ;
; SD_SPI_MOSI   ; 3.3-V LVTTL  ; 0 in              ; 0 H/in                  ; 0 F/in                  ; short         ; -                   ; open           ; open             ; open   ; 0 in             ; 0 H/in                 ; 0 F/in                 ; short        ; open          ; open            ; open  ; 0 V                 ; -                  ; n/a           ; n/a             ; n/a         ;
; IO_SCL        ; 3.3-V LVTTL  ; 0 in              ; 0 H/in                  ; 0 F/in                  ; short         ; -                   ; open           ; open             ; open   ; 0 in             ; 0 H/in                 ; 0 F/in                 ; short        ; open          ; open            ; open  ; 0 V                 ; -                  ; n/a           ; n/a             ; n/a         ;
; LED[6]        ; 3.3-V LVTTL  ; 0 in              ; 0 H/in                  ; 0 F/in                  ; short         ; -                   ; open           ; open             ; open   ; 0 in             ; 0 H/in                 ; 0 F/in                 ; short        ; open          ; open            ; open  ; 0 V                 ; -                  ; n/a           ; n/a             ; n/a         ;
; HDMI_MCLK     ; 3.3-V LVTTL  ; 0 in              ; 0 H/in                  ; 0 F/in                  ; short         ; -                   ; open           ; open             ; open   ; 0 in             ; 0 H/in                 ; 0 F/in                 ; short        ; open          ; open            ; open  ; 0 V                 ; -                  ; n/a           ; n/a             ; n/a         ;
; AUDIO_L       ; 3.3-V LVTTL  ; 0 in              ; 0 H/in                  ; 0 F/in                  ; short         ; -                   ; open           ; open             ; open   ; 0 in             ; 0 H/in                 ; 0 F/in                 ; short        ; open          ; open            ; open  ; 0 V                 ; -                  ; n/a           ; n/a             ; n/a         ;
; AUDIO_R       ; 3.3-V LVTTL  ; 0 in              ; 0 H/in                  ; 0 F/in                  ; short         ; -                   ; open           ; open             ; open   ; 0 in             ; 0 H/in                 ; 0 F/in                 ; short        ; open          ; open            ; open  ; 0 V                 ; -                  ; n/a           ; n/a             ; n/a         ;
; AUDIO_SPDIF   ; 3.3-V LVTTL  ; 0 in              ; 0 H/in                  ; 0 F/in                  ; short         ; -                   ; open           ; open             ; open   ; 0 in             ; 0 H/in                 ; 0 F/in                 ; short        ; open          ; open            ; open  ; 0 V                 ; -                  ; n/a           ; n/a             ; n/a         ;
; HDMI_SCLK     ; 3.3-V LVTTL  ; 0 in              ; 0 H/in                  ; 0 F/in                  ; short         ; -                   ; open           ; open             ; open   ; 0 in             ; 0 H/in                 ; 0 F/in                 ; short        ; open          ; open            ; open  ; 0 V                 ; -                  ; n/a           ; n/a             ; n/a         ;
; HDMI_LRCLK    ; 3.3-V LVTTL  ; 0 in              ; 0 H/in                  ; 0 F/in                  ; short         ; -                   ; open           ; open             ; open   ; 0 in             ; 0 H/in                 ; 0 F/in                 ; short        ; open          ; open            ; open  ; 0 V                 ; -                  ; n/a           ; n/a             ; n/a         ;
; HDMI_I2S      ; 3.3-V LVTTL  ; 0 in              ; 0 H/in                  ; 0 F/in                  ; short         ; -                   ; open           ; open             ; open   ; 0 in             ; 0 H/in                 ; 0 F/in                 ; short        ; open          ; open            ; open  ; 0 V                 ; -                  ; n/a           ; n/a             ; n/a         ;
; HDMI_TX_DE    ; 3.3-V LVTTL  ; 0 in              ; 0 H/in                  ; 0 F/in                  ; short         ; -                   ; open           ; open             ; open   ; 0 in             ; 0 H/in                 ; 0 F/in                 ; short        ; open          ; open            ; open  ; 0 V                 ; -                  ; n/a           ; n/a             ; n/a         ;
; HDMI_TX_D[0]  ; 3.3-V LVTTL  ; 0 in              ; 0 H/in                  ; 0 F/in                  ; short         ; -                   ; open           ; open             ; open   ; 0 in             ; 0 H/in                 ; 0 F/in                 ; short        ; open          ; open            ; open  ; 0 V                 ; -                  ; n/a           ; n/a             ; n/a         ;
; HDMI_TX_D[1]  ; 3.3-V LVTTL  ; 0 in              ; 0 H/in                  ; 0 F/in                  ; short         ; -                   ; open           ; open             ; open   ; 0 in             ; 0 H/in                 ; 0 F/in                 ; short        ; open          ; open            ; open  ; 0 V                 ; -                  ; n/a           ; n/a             ; n/a         ;
; HDMI_TX_D[2]  ; 3.3-V LVTTL  ; 0 in              ; 0 H/in                  ; 0 F/in                  ; short         ; -                   ; open           ; open             ; open   ; 0 in             ; 0 H/in                 ; 0 F/in                 ; short        ; open          ; open            ; open  ; 0 V                 ; -                  ; n/a           ; n/a             ; n/a         ;
; HDMI_TX_D[3]  ; 3.3-V LVTTL  ; 0 in              ; 0 H/in                  ; 0 F/in                  ; short         ; -                   ; open           ; open             ; open   ; 0 in             ; 0 H/in                 ; 0 F/in                 ; short        ; open          ; open            ; open  ; 0 V                 ; -                  ; n/a           ; n/a             ; n/a         ;
; HDMI_TX_D[4]  ; 3.3-V LVTTL  ; 0 in              ; 0 H/in                  ; 0 F/in                  ; short         ; -                   ; open           ; open             ; open   ; 0 in             ; 0 H/in                 ; 0 F/in                 ; short        ; open          ; open            ; open  ; 0 V                 ; -                  ; n/a           ; n/a             ; n/a         ;
; HDMI_TX_D[5]  ; 3.3-V LVTTL  ; 0 in              ; 0 H/in                  ; 0 F/in                  ; short         ; -                   ; open           ; open             ; open   ; 0 in             ; 0 H/in                 ; 0 F/in                 ; short        ; open          ; open            ; open  ; 0 V                 ; -                  ; n/a           ; n/a             ; n/a         ;
; HDMI_TX_D[6]  ; 3.3-V LVTTL  ; 0 in              ; 0 H/in                  ; 0 F/in                  ; short         ; -                   ; open           ; open             ; open   ; 0 in             ; 0 H/in                 ; 0 F/in                 ; short        ; open          ; open            ; open  ; 0 V                 ; -                  ; n/a           ; n/a             ; n/a         ;
; HDMI_TX_D[7]  ; 3.3-V LVTTL  ; 0 in              ; 0 H/in                  ; 0 F/in                  ; short         ; -                   ; open           ; open             ; open   ; 0 in             ; 0 H/in                 ; 0 F/in                 ; short        ; open          ; open            ; open  ; 0 V                 ; -                  ; n/a           ; n/a             ; n/a         ;
; HDMI_TX_D[8]  ; 3.3-V LVTTL  ; 0 in              ; 0 H/in                  ; 0 F/in                  ; short         ; -                   ; open           ; open             ; open   ; 0 in             ; 0 H/in                 ; 0 F/in                 ; short        ; open          ; open            ; open  ; 0 V                 ; -                  ; n/a           ; n/a             ; n/a         ;
; HDMI_TX_D[9]  ; 3.3-V LVTTL  ; 0 in              ; 0 H/in                  ; 0 F/in                  ; short         ; -                   ; open           ; open             ; open   ; 0 in             ; 0 H/in                 ; 0 F/in                 ; short        ; open          ; open            ; open  ; 0 V                 ; -                  ; n/a           ; n/a             ; n/a         ;
; HDMI_TX_D[10] ; 3.3-V LVTTL  ; 0 in              ; 0 H/in                  ; 0 F/in                  ; short         ; -                   ; open           ; open             ; open   ; 0 in             ; 0 H/in                 ; 0 F/in                 ; short        ; open          ; open            ; open  ; 0 V                 ; -                  ; n/a           ; n/a             ; n/a         ;
; HDMI_TX_D[11] ; 3.3-V LVTTL  ; 0 in              ; 0 H/in                  ; 0 F/in                  ; short         ; -                   ; open           ; open             ; open   ; 0 in             ; 0 H/in                 ; 0 F/in                 ; short        ; open          ; open            ; open  ; 0 V                 ; -                  ; n/a           ; n/a             ; n/a         ;
; HDMI_TX_D[12] ; 3.3-V LVTTL  ; 0 in              ; 0 H/in                  ; 0 F/in                  ; short         ; -                   ; open           ; open             ; open   ; 0 in             ; 0 H/in                 ; 0 F/in                 ; short        ; open          ; open            ; open  ; 0 V                 ; -                  ; n/a           ; n/a             ; n/a         ;
; HDMI_TX_D[13] ; 3.3-V LVTTL  ; 0 in              ; 0 H/in                  ; 0 F/in                  ; short         ; -                   ; open           ; open             ; open   ; 0 in             ; 0 H/in                 ; 0 F/in                 ; short        ; open          ; open            ; open  ; 0 V                 ; -                  ; n/a           ; n/a             ; n/a         ;
; HDMI_TX_D[14] ; 3.3-V LVTTL  ; 0 in              ; 0 H/in                  ; 0 F/in                  ; short         ; -                   ; open           ; open             ; open   ; 0 in             ; 0 H/in                 ; 0 F/in                 ; short        ; open          ; open            ; open  ; 0 V                 ; -                  ; n/a           ; n/a             ; n/a         ;
; HDMI_TX_D[15] ; 3.3-V LVTTL  ; 0 in              ; 0 H/in                  ; 0 F/in                  ; short         ; -                   ; open           ; open             ; open   ; 0 in             ; 0 H/in                 ; 0 F/in                 ; short        ; open          ; open            ; open  ; 0 V                 ; -                  ; n/a           ; n/a             ; n/a         ;
; HDMI_TX_D[16] ; 3.3-V LVTTL  ; 0 in              ; 0 H/in                  ; 0 F/in                  ; short         ; -                   ; open           ; open             ; open   ; 0 in             ; 0 H/in                 ; 0 F/in                 ; short        ; open          ; open            ; open  ; 0 V                 ; -                  ; n/a           ; n/a             ; n/a         ;
; HDMI_TX_D[17] ; 3.3-V LVTTL  ; 0 in              ; 0 H/in                  ; 0 F/in                  ; short         ; -                   ; open           ; open             ; open   ; 0 in             ; 0 H/in                 ; 0 F/in                 ; short        ; open          ; open            ; open  ; 0 V                 ; -                  ; n/a           ; n/a             ; n/a         ;
; HDMI_TX_D[18] ; 3.3-V LVTTL  ; 0 in              ; 0 H/in                  ; 0 F/in                  ; short         ; -                   ; open           ; open             ; open   ; 0 in             ; 0 H/in                 ; 0 F/in                 ; short        ; open          ; open            ; open  ; 0 V                 ; -                  ; n/a           ; n/a             ; n/a         ;
; HDMI_TX_D[19] ; 3.3-V LVTTL  ; 0 in              ; 0 H/in                  ; 0 F/in                  ; short         ; -                   ; open           ; open             ; open   ; 0 in             ; 0 H/in                 ; 0 F/in                 ; short        ; open          ; open            ; open  ; 0 V                 ; -                  ; n/a           ; n/a             ; n/a         ;
; HDMI_TX_D[20] ; 3.3-V LVTTL  ; 0 in              ; 0 H/in                  ; 0 F/in                  ; short         ; -                   ; open           ; open             ; open   ; 0 in             ; 0 H/in                 ; 0 F/in                 ; short        ; open          ; open            ; open  ; 0 V                 ; -                  ; n/a           ; n/a             ; n/a         ;
; HDMI_TX_D[21] ; 3.3-V LVTTL  ; 0 in              ; 0 H/in                  ; 0 F/in                  ; short         ; -                   ; open           ; open             ; open   ; 0 in             ; 0 H/in                 ; 0 F/in                 ; short        ; open          ; open            ; open  ; 0 V                 ; -                  ; n/a           ; n/a             ; n/a         ;
; HDMI_TX_D[22] ; 3.3-V LVTTL  ; 0 in              ; 0 H/in                  ; 0 F/in                  ; short         ; -                   ; open           ; open             ; open   ; 0 in             ; 0 H/in                 ; 0 F/in                 ; short        ; open          ; open            ; open  ; 0 V                 ; -                  ; n/a           ; n/a             ; n/a         ;
; HDMI_TX_D[23] ; 3.3-V LVTTL  ; 0 in              ; 0 H/in                  ; 0 F/in                  ; short         ; -                   ; open           ; open             ; open   ; 0 in             ; 0 H/in                 ; 0 F/in                 ; short        ; open          ; open            ; open  ; 0 V                 ; -                  ; n/a           ; n/a             ; n/a         ;
; HDMI_TX_HS    ; 3.3-V LVTTL  ; 0 in              ; 0 H/in                  ; 0 F/in                  ; short         ; -                   ; open           ; open             ; open   ; 0 in             ; 0 H/in                 ; 0 F/in                 ; short        ; open          ; open            ; open  ; 0 V                 ; -                  ; n/a           ; n/a             ; n/a         ;
; HDMI_TX_VS    ; 3.3-V LVTTL  ; 0 in              ; 0 H/in                  ; 0 F/in                  ; short         ; -                   ; open           ; open             ; open   ; 0 in             ; 0 H/in                 ; 0 F/in                 ; short        ; open          ; open            ; open  ; 0 V                 ; -                  ; n/a           ; n/a             ; n/a         ;
; SDRAM_A[0]    ; 3.3-V LVTTL  ; 0 in              ; 0 H/in                  ; 0 F/in                  ; short         ; -                   ; open           ; open             ; open   ; 0 in             ; 0 H/in                 ; 0 F/in                 ; short        ; open          ; open            ; open  ; 0 V                 ; -                  ; n/a           ; n/a             ; n/a         ;
; SDRAM_A[1]    ; 3.3-V LVTTL  ; 0 in              ; 0 H/in                  ; 0 F/in                  ; short         ; -                   ; open           ; open             ; open   ; 0 in             ; 0 H/in                 ; 0 F/in                 ; short        ; open          ; open            ; open  ; 0 V                 ; -                  ; n/a           ; n/a             ; n/a         ;
; SDRAM_A[2]    ; 3.3-V LVTTL  ; 0 in              ; 0 H/in                  ; 0 F/in                  ; short         ; -                   ; open           ; open             ; open   ; 0 in             ; 0 H/in                 ; 0 F/in                 ; short        ; open          ; open            ; open  ; 0 V                 ; -                  ; n/a           ; n/a             ; n/a         ;
; SDRAM_A[3]    ; 3.3-V LVTTL  ; 0 in              ; 0 H/in                  ; 0 F/in                  ; short         ; -                   ; open           ; open             ; open   ; 0 in             ; 0 H/in                 ; 0 F/in                 ; short        ; open          ; open            ; open  ; 0 V                 ; -                  ; n/a           ; n/a             ; n/a         ;
; SDRAM_A[4]    ; 3.3-V LVTTL  ; 0 in              ; 0 H/in                  ; 0 F/in                  ; short         ; -                   ; open           ; open             ; open   ; 0 in             ; 0 H/in                 ; 0 F/in                 ; short        ; open          ; open            ; open  ; 0 V                 ; -                  ; n/a           ; n/a             ; n/a         ;
; SDRAM_A[5]    ; 3.3-V LVTTL  ; 0 in              ; 0 H/in                  ; 0 F/in                  ; short         ; -                   ; open           ; open             ; open   ; 0 in             ; 0 H/in                 ; 0 F/in                 ; short        ; open          ; open            ; open  ; 0 V                 ; -                  ; n/a           ; n/a             ; n/a         ;
; SDRAM_A[6]    ; 3.3-V LVTTL  ; 0 in              ; 0 H/in                  ; 0 F/in                  ; short         ; -                   ; open           ; open             ; open   ; 0 in             ; 0 H/in                 ; 0 F/in                 ; short        ; open          ; open            ; open  ; 0 V                 ; -                  ; n/a           ; n/a             ; n/a         ;
; SDRAM_A[7]    ; 3.3-V LVTTL  ; 0 in              ; 0 H/in                  ; 0 F/in                  ; short         ; -                   ; open           ; open             ; open   ; 0 in             ; 0 H/in                 ; 0 F/in                 ; short        ; open          ; open            ; open  ; 0 V                 ; -                  ; n/a           ; n/a             ; n/a         ;
; SDRAM_A[8]    ; 3.3-V LVTTL  ; 0 in              ; 0 H/in                  ; 0 F/in                  ; short         ; -                   ; open           ; open             ; open   ; 0 in             ; 0 H/in                 ; 0 F/in                 ; short        ; open          ; open            ; open  ; 0 V                 ; -                  ; n/a           ; n/a             ; n/a         ;
; SDRAM_A[9]    ; 3.3-V LVTTL  ; 0 in              ; 0 H/in                  ; 0 F/in                  ; short         ; -                   ; open           ; open             ; open   ; 0 in             ; 0 H/in                 ; 0 F/in                 ; short        ; open          ; open            ; open  ; 0 V                 ; -                  ; n/a           ; n/a             ; n/a         ;
; SDRAM_A[10]   ; 3.3-V LVTTL  ; 0 in              ; 0 H/in                  ; 0 F/in                  ; short         ; -                   ; open           ; open             ; open   ; 0 in             ; 0 H/in                 ; 0 F/in                 ; short        ; open          ; open            ; open  ; 0 V                 ; -                  ; n/a           ; n/a             ; n/a         ;
; SDRAM_A[11]   ; 3.3-V LVTTL  ; 0 in              ; 0 H/in                  ; 0 F/in                  ; short         ; -                   ; open           ; open             ; open   ; 0 in             ; 0 H/in                 ; 0 F/in                 ; short        ; open          ; open            ; open  ; 0 V                 ; -                  ; n/a           ; n/a             ; n/a         ;
; SDRAM_A[12]   ; 3.3-V LVTTL  ; 0 in              ; 0 H/in                  ; 0 F/in                  ; short         ; -                   ; open           ; open             ; open   ; 0 in             ; 0 H/in                 ; 0 F/in                 ; short        ; open          ; open            ; open  ; 0 V                 ; -                  ; n/a           ; n/a             ; n/a         ;
; SDRAM_DQML    ; 3.3-V LVTTL  ; 0 in              ; 0 H/in                  ; 0 F/in                  ; short         ; -                   ; open           ; open             ; open   ; 0 in             ; 0 H/in                 ; 0 F/in                 ; short        ; open          ; open            ; open  ; 0 V                 ; -                  ; n/a           ; n/a             ; n/a         ;
; SDRAM_DQMH    ; 3.3-V LVTTL  ; 0 in              ; 0 H/in                  ; 0 F/in                  ; short         ; -                   ; open           ; open             ; open   ; 0 in             ; 0 H/in                 ; 0 F/in                 ; short        ; open          ; open            ; open  ; 0 V                 ; -                  ; n/a           ; n/a             ; n/a         ;
; SDRAM_nWE     ; 3.3-V LVTTL  ; 0 in              ; 0 H/in                  ; 0 F/in                  ; short         ; -                   ; open           ; open             ; open   ; 0 in             ; 0 H/in                 ; 0 F/in                 ; short        ; open          ; open            ; open  ; 0 V                 ; -                  ; n/a           ; n/a             ; n/a         ;
; SDRAM_nCAS    ; 3.3-V LVTTL  ; 0 in              ; 0 H/in                  ; 0 F/in                  ; short         ; -                   ; open           ; open             ; open   ; 0 in             ; 0 H/in                 ; 0 F/in                 ; short        ; open          ; open            ; open  ; 0 V                 ; -                  ; n/a           ; n/a             ; n/a         ;
; SDRAM_nRAS    ; 3.3-V LVTTL  ; 0 in              ; 0 H/in                  ; 0 F/in                  ; short         ; -                   ; open           ; open             ; open   ; 0 in             ; 0 H/in                 ; 0 F/in                 ; short        ; open          ; open            ; open  ; 0 V                 ; -                  ; n/a           ; n/a             ; n/a         ;
; SDRAM_nCS     ; 3.3-V LVTTL  ; 0 in              ; 0 H/in                  ; 0 F/in                  ; short         ; -                   ; open           ; open             ; open   ; 0 in             ; 0 H/in                 ; 0 F/in                 ; short        ; open          ; open            ; open  ; 0 V                 ; -                  ; n/a           ; n/a             ; n/a         ;
; SDRAM_BA[0]   ; 3.3-V LVTTL  ; 0 in              ; 0 H/in                  ; 0 F/in                  ; short         ; -                   ; open           ; open             ; open   ; 0 in             ; 0 H/in                 ; 0 F/in                 ; short        ; open          ; open            ; open  ; 0 V                 ; -                  ; n/a           ; n/a             ; n/a         ;
; SDRAM_BA[1]   ; 3.3-V LVTTL  ; 0 in              ; 0 H/in                  ; 0 F/in                  ; short         ; -                   ; open           ; open             ; open   ; 0 in             ; 0 H/in                 ; 0 F/in                 ; short        ; open          ; open            ; open  ; 0 V                 ; -                  ; n/a           ; n/a             ; n/a         ;
; SDRAM_CLK     ; 3.3-V LVTTL  ; 0 in              ; 0 H/in                  ; 0 F/in                  ; short         ; -                   ; open           ; open             ; open   ; 0 in             ; 0 H/in                 ; 0 F/in                 ; short        ; open          ; open            ; open  ; 0 V                 ; -                  ; n/a           ; n/a             ; n/a         ;
; VGA_R[0]      ; 3.3-V LVTTL  ; 0 in              ; 0 H/in                  ; 0 F/in                  ; short         ; -                   ; open           ; open             ; open   ; 0 in             ; 0 H/in                 ; 0 F/in                 ; short        ; open          ; open            ; open  ; 0 V                 ; -                  ; n/a           ; n/a             ; n/a         ;
; VGA_R[1]      ; 3.3-V LVTTL  ; 0 in              ; 0 H/in                  ; 0 F/in                  ; short         ; -                   ; open           ; open             ; open   ; 0 in             ; 0 H/in                 ; 0 F/in                 ; short        ; open          ; open            ; open  ; 0 V                 ; -                  ; n/a           ; n/a             ; n/a         ;
; VGA_R[2]      ; 3.3-V LVTTL  ; 0 in              ; 0 H/in                  ; 0 F/in                  ; short         ; -                   ; open           ; open             ; open   ; 0 in             ; 0 H/in                 ; 0 F/in                 ; short        ; open          ; open            ; open  ; 0 V                 ; -                  ; n/a           ; n/a             ; n/a         ;
; VGA_R[3]      ; 3.3-V LVTTL  ; 0 in              ; 0 H/in                  ; 0 F/in                  ; short         ; -                   ; open           ; open             ; open   ; 0 in             ; 0 H/in                 ; 0 F/in                 ; short        ; open          ; open            ; open  ; 0 V                 ; -                  ; n/a           ; n/a             ; n/a         ;
; VGA_R[4]      ; 3.3-V LVTTL  ; 0 in              ; 0 H/in                  ; 0 F/in                  ; short         ; -                   ; open           ; open             ; open   ; 0 in             ; 0 H/in                 ; 0 F/in                 ; short        ; open          ; open            ; open  ; 0 V                 ; -                  ; n/a           ; n/a             ; n/a         ;
; VGA_R[5]      ; 3.3-V LVTTL  ; 0 in              ; 0 H/in                  ; 0 F/in                  ; short         ; -                   ; open           ; open             ; open   ; 0 in             ; 0 H/in                 ; 0 F/in                 ; short        ; open          ; open            ; open  ; 0 V                 ; -                  ; n/a           ; n/a             ; n/a         ;
; VGA_G[0]      ; 3.3-V LVTTL  ; 0 in              ; 0 H/in                  ; 0 F/in                  ; short         ; -                   ; open           ; open             ; open   ; 0 in             ; 0 H/in                 ; 0 F/in                 ; short        ; open          ; open            ; open  ; 0 V                 ; -                  ; n/a           ; n/a             ; n/a         ;
; VGA_G[1]      ; 3.3-V LVTTL  ; 0 in              ; 0 H/in                  ; 0 F/in                  ; short         ; -                   ; open           ; open             ; open   ; 0 in             ; 0 H/in                 ; 0 F/in                 ; short        ; open          ; open            ; open  ; 0 V                 ; -                  ; n/a           ; n/a             ; n/a         ;
; VGA_G[2]      ; 3.3-V LVTTL  ; 0 in              ; 0 H/in                  ; 0 F/in                  ; short         ; -                   ; open           ; open             ; open   ; 0 in             ; 0 H/in                 ; 0 F/in                 ; short        ; open          ; open            ; open  ; 0 V                 ; -                  ; n/a           ; n/a             ; n/a         ;
; VGA_G[3]      ; 3.3-V LVTTL  ; 0 in              ; 0 H/in                  ; 0 F/in                  ; short         ; -                   ; open           ; open             ; open   ; 0 in             ; 0 H/in                 ; 0 F/in                 ; short        ; open          ; open            ; open  ; 0 V                 ; -                  ; n/a           ; n/a             ; n/a         ;
; VGA_G[4]      ; 3.3-V LVTTL  ; 0 in              ; 0 H/in                  ; 0 F/in                  ; short         ; -                   ; open           ; open             ; open   ; 0 in             ; 0 H/in                 ; 0 F/in                 ; short        ; open          ; open            ; open  ; 0 V                 ; -                  ; n/a           ; n/a             ; n/a         ;
; VGA_G[5]      ; 3.3-V LVTTL  ; 0 in              ; 0 H/in                  ; 0 F/in                  ; short         ; -                   ; open           ; open             ; open   ; 0 in             ; 0 H/in                 ; 0 F/in                 ; short        ; open          ; open            ; open  ; 0 V                 ; -                  ; n/a           ; n/a             ; n/a         ;
; VGA_B[0]      ; 3.3-V LVTTL  ; 0 in              ; 0 H/in                  ; 0 F/in                  ; short         ; -                   ; open           ; open             ; open   ; 0 in             ; 0 H/in                 ; 0 F/in                 ; short        ; open          ; open            ; open  ; 0 V                 ; -                  ; n/a           ; n/a             ; n/a         ;
; VGA_B[1]      ; 3.3-V LVTTL  ; 0 in              ; 0 H/in                  ; 0 F/in                  ; short         ; -                   ; open           ; open             ; open   ; 0 in             ; 0 H/in                 ; 0 F/in                 ; short        ; open          ; open            ; open  ; 0 V                 ; -                  ; n/a           ; n/a             ; n/a         ;
; VGA_B[2]      ; 3.3-V LVTTL  ; 0 in              ; 0 H/in                  ; 0 F/in                  ; short         ; -                   ; open           ; open             ; open   ; 0 in             ; 0 H/in                 ; 0 F/in                 ; short        ; open          ; open            ; open  ; 0 V                 ; -                  ; n/a           ; n/a             ; n/a         ;
; VGA_B[3]      ; 3.3-V LVTTL  ; 0 in              ; 0 H/in                  ; 0 F/in                  ; short         ; -                   ; open           ; open             ; open   ; 0 in             ; 0 H/in                 ; 0 F/in                 ; short        ; open          ; open            ; open  ; 0 V                 ; -                  ; n/a           ; n/a             ; n/a         ;
; VGA_B[4]      ; 3.3-V LVTTL  ; 0 in              ; 0 H/in                  ; 0 F/in                  ; short         ; -                   ; open           ; open             ; open   ; 0 in             ; 0 H/in                 ; 0 F/in                 ; short        ; open          ; open            ; open  ; 0 V                 ; -                  ; n/a           ; n/a             ; n/a         ;
; VGA_B[5]      ; 3.3-V LVTTL  ; 0 in              ; 0 H/in                  ; 0 F/in                  ; short         ; -                   ; open           ; open             ; open   ; 0 in             ; 0 H/in                 ; 0 F/in                 ; short        ; open          ; open            ; open  ; 0 V                 ; -                  ; n/a           ; n/a             ; n/a         ;
; VGA_VS        ; 3.3-V LVTTL  ; 0 in              ; 0 H/in                  ; 0 F/in                  ; short         ; -                   ; open           ; open             ; open   ; 0 in             ; 0 H/in                 ; 0 F/in                 ; short        ; open          ; open            ; open  ; 0 V                 ; -                  ; n/a           ; n/a             ; n/a         ;
; SDIO_CLK      ; 3.3-V LVTTL  ; 0 in              ; 0 H/in                  ; 0 F/in                  ; short         ; -                   ; open           ; open             ; open   ; 0 in             ; 0 H/in                 ; 0 F/in                 ; short        ; open          ; open            ; open  ; 0 V                 ; -                  ; n/a           ; n/a             ; n/a         ;
; LED_HDD       ; 3.3-V LVTTL  ; 0 in              ; 0 H/in                  ; 0 F/in                  ; short         ; -                   ; open           ; open             ; open   ; 0 in             ; 0 H/in                 ; 0 F/in                 ; short        ; open          ; open            ; open  ; 0 V                 ; -                  ; n/a           ; n/a             ; n/a         ;
; LED_POWER     ; 3.3-V LVTTL  ; 0 in              ; 0 H/in                  ; 0 F/in                  ; short         ; -                   ; open           ; open             ; open   ; 0 in             ; 0 H/in                 ; 0 F/in                 ; short        ; open          ; open            ; open  ; 0 V                 ; -                  ; n/a           ; n/a             ; n/a         ;
; SD_SPI_CS     ; 3.3-V LVTTL  ; 0 in              ; 0 H/in                  ; 0 F/in                  ; short         ; -                   ; open           ; open             ; open   ; 0 in             ; 0 H/in                 ; 0 F/in                 ; short        ; open          ; open            ; open  ; 0 V                 ; -                  ; n/a           ; n/a             ; n/a         ;
; LED[0]        ; 3.3-V LVTTL  ; 0 in              ; 0 H/in                  ; 0 F/in                  ; short         ; -                   ; open           ; open             ; open   ; 0 in             ; 0 H/in                 ; 0 F/in                 ; short        ; open          ; open            ; open  ; 0 V                 ; -                  ; n/a           ; n/a             ; n/a         ;
; LED[1]        ; 3.3-V LVTTL  ; 0 in              ; 0 H/in                  ; 0 F/in                  ; short         ; -                   ; open           ; open             ; open   ; 0 in             ; 0 H/in                 ; 0 F/in                 ; short        ; open          ; open            ; open  ; 0 V                 ; -                  ; n/a           ; n/a             ; n/a         ;
; LED[2]        ; 3.3-V LVTTL  ; 0 in              ; 0 H/in                  ; 0 F/in                  ; short         ; -                   ; open           ; open             ; open   ; 0 in             ; 0 H/in                 ; 0 F/in                 ; short        ; open          ; open            ; open  ; 0 V                 ; -                  ; n/a           ; n/a             ; n/a         ;
; LED[3]        ; 3.3-V LVTTL  ; 0 in              ; 0 H/in                  ; 0 F/in                  ; short         ; -                   ; open           ; open             ; open   ; 0 in             ; 0 H/in                 ; 0 F/in                 ; short        ; open          ; open            ; open  ; 0 V                 ; -                  ; n/a           ; n/a             ; n/a         ;
; LED[4]        ; 3.3-V LVTTL  ; 0 in              ; 0 H/in                  ; 0 F/in                  ; short         ; -                   ; open           ; open             ; open   ; 0 in             ; 0 H/in                 ; 0 F/in                 ; short        ; open          ; open            ; open  ; 0 V                 ; -                  ; n/a           ; n/a             ; n/a         ;
; LED[5]        ; 3.3-V LVTTL  ; 0 in              ; 0 H/in                  ; 0 F/in                  ; short         ; -                   ; open           ; open             ; open   ; 0 in             ; 0 H/in                 ; 0 F/in                 ; short        ; open          ; open            ; open  ; 0 V                 ; -                  ; n/a           ; n/a             ; n/a         ;
; LED[7]        ; 3.3-V LVTTL  ; 0 in              ; 0 H/in                  ; 0 F/in                  ; short         ; -                   ; open           ; open             ; open   ; 0 in             ; 0 H/in                 ; 0 F/in                 ; short        ; open          ; open            ; open  ; 0 V                 ; -                  ; n/a           ; n/a             ; n/a         ;
; HDMI_I2C_SCL  ; 3.3-V LVTTL  ; 0 in              ; 0 H/in                  ; 0 F/in                  ; short         ; -                   ; open           ; open             ; open   ; 0 in             ; 0 H/in                 ; 0 F/in                 ; short        ; open          ; open            ; open  ; 0 V                 ; -                  ; n/a           ; n/a             ; n/a         ;
; SDRAM_CKE     ; 3.3-V LVTTL  ; 0 in              ; 0 H/in                  ; 0 F/in                  ; short         ; -                   ; open           ; open             ; open   ; 0 in             ; 0 H/in                 ; 0 F/in                 ; short        ; open          ; open            ; open  ; 0 V                 ; -                  ; n/a           ; n/a             ; n/a         ;
; ADC_SCK       ; 3.3-V LVTTL  ; 0 in              ; 0 H/in                  ; 0 F/in                  ; short         ; -                   ; open           ; open             ; open   ; 0 in             ; 0 H/in                 ; 0 F/in                 ; short        ; open          ; open            ; open  ; 0 V                 ; -                  ; n/a           ; n/a             ; n/a         ;
; ADC_SDI       ; 3.3-V LVTTL  ; 0 in              ; 0 H/in                  ; 0 F/in                  ; short         ; -                   ; open           ; open             ; open   ; 0 in             ; 0 H/in                 ; 0 F/in                 ; short        ; open          ; open            ; open  ; 0 V                 ; -                  ; n/a           ; n/a             ; n/a         ;
; ADC_CONVST    ; 3.3-V LVTTL  ; 0 in              ; 0 H/in                  ; 0 F/in                  ; short         ; -                   ; open           ; open             ; open   ; 0 in             ; 0 H/in                 ; 0 F/in                 ; short        ; open          ; open            ; open  ; 0 V                 ; -                  ; n/a           ; n/a             ; n/a         ;
; SDRAM_DQ[0]   ; 3.3-V LVTTL  ; 0 in              ; 0 H/in                  ; 0 F/in                  ; short         ; -                   ; open           ; open             ; open   ; 0 in             ; 0 H/in                 ; 0 F/in                 ; short        ; open          ; open            ; open  ; 0 V                 ; -                  ; n/a           ; n/a             ; n/a         ;
; SDRAM_DQ[1]   ; 3.3-V LVTTL  ; 0 in              ; 0 H/in                  ; 0 F/in                  ; short         ; -                   ; open           ; open             ; open   ; 0 in             ; 0 H/in                 ; 0 F/in                 ; short        ; open          ; open            ; open  ; 0 V                 ; -                  ; n/a           ; n/a             ; n/a         ;
; SDRAM_DQ[2]   ; 3.3-V LVTTL  ; 0 in              ; 0 H/in                  ; 0 F/in                  ; short         ; -                   ; open           ; open             ; open   ; 0 in             ; 0 H/in                 ; 0 F/in                 ; short        ; open          ; open            ; open  ; 0 V                 ; -                  ; n/a           ; n/a             ; n/a         ;
; SDRAM_DQ[3]   ; 3.3-V LVTTL  ; 0 in              ; 0 H/in                  ; 0 F/in                  ; short         ; -                   ; open           ; open             ; open   ; 0 in             ; 0 H/in                 ; 0 F/in                 ; short        ; open          ; open            ; open  ; 0 V                 ; -                  ; n/a           ; n/a             ; n/a         ;
; SDRAM_DQ[4]   ; 3.3-V LVTTL  ; 0 in              ; 0 H/in                  ; 0 F/in                  ; short         ; -                   ; open           ; open             ; open   ; 0 in             ; 0 H/in                 ; 0 F/in                 ; short        ; open          ; open            ; open  ; 0 V                 ; -                  ; n/a           ; n/a             ; n/a         ;
; SDRAM_DQ[5]   ; 3.3-V LVTTL  ; 0 in              ; 0 H/in                  ; 0 F/in                  ; short         ; -                   ; open           ; open             ; open   ; 0 in             ; 0 H/in                 ; 0 F/in                 ; short        ; open          ; open            ; open  ; 0 V                 ; -                  ; n/a           ; n/a             ; n/a         ;
; SDRAM_DQ[6]   ; 3.3-V LVTTL  ; 0 in              ; 0 H/in                  ; 0 F/in                  ; short         ; -                   ; open           ; open             ; open   ; 0 in             ; 0 H/in                 ; 0 F/in                 ; short        ; open          ; open            ; open  ; 0 V                 ; -                  ; n/a           ; n/a             ; n/a         ;
; SDRAM_DQ[7]   ; 3.3-V LVTTL  ; 0 in              ; 0 H/in                  ; 0 F/in                  ; short         ; -                   ; open           ; open             ; open   ; 0 in             ; 0 H/in                 ; 0 F/in                 ; short        ; open          ; open            ; open  ; 0 V                 ; -                  ; n/a           ; n/a             ; n/a         ;
; SDRAM_DQ[8]   ; 3.3-V LVTTL  ; 0 in              ; 0 H/in                  ; 0 F/in                  ; short         ; -                   ; open           ; open             ; open   ; 0 in             ; 0 H/in                 ; 0 F/in                 ; short        ; open          ; open            ; open  ; 0 V                 ; -                  ; n/a           ; n/a             ; n/a         ;
; SDRAM_DQ[9]   ; 3.3-V LVTTL  ; 0 in              ; 0 H/in                  ; 0 F/in                  ; short         ; -                   ; open           ; open             ; open   ; 0 in             ; 0 H/in                 ; 0 F/in                 ; short        ; open          ; open            ; open  ; 0 V                 ; -                  ; n/a           ; n/a             ; n/a         ;
; SDRAM_DQ[10]  ; 3.3-V LVTTL  ; 0 in              ; 0 H/in                  ; 0 F/in                  ; short         ; -                   ; open           ; open             ; open   ; 0 in             ; 0 H/in                 ; 0 F/in                 ; short        ; open          ; open            ; open  ; 0 V                 ; -                  ; n/a           ; n/a             ; n/a         ;
; SDRAM_DQ[11]  ; 3.3-V LVTTL  ; 0 in              ; 0 H/in                  ; 0 F/in                  ; short         ; -                   ; open           ; open             ; open   ; 0 in             ; 0 H/in                 ; 0 F/in                 ; short        ; open          ; open            ; open  ; 0 V                 ; -                  ; n/a           ; n/a             ; n/a         ;
; SDRAM_DQ[12]  ; 3.3-V LVTTL  ; 0 in              ; 0 H/in                  ; 0 F/in                  ; short         ; -                   ; open           ; open             ; open   ; 0 in             ; 0 H/in                 ; 0 F/in                 ; short        ; open          ; open            ; open  ; 0 V                 ; -                  ; n/a           ; n/a             ; n/a         ;
; SDRAM_DQ[13]  ; 3.3-V LVTTL  ; 0 in              ; 0 H/in                  ; 0 F/in                  ; short         ; -                   ; open           ; open             ; open   ; 0 in             ; 0 H/in                 ; 0 F/in                 ; short        ; open          ; open            ; open  ; 0 V                 ; -                  ; n/a           ; n/a             ; n/a         ;
; SDRAM_DQ[14]  ; 3.3-V LVTTL  ; 0 in              ; 0 H/in                  ; 0 F/in                  ; short         ; -                   ; open           ; open             ; open   ; 0 in             ; 0 H/in                 ; 0 F/in                 ; short        ; open          ; open            ; open  ; 0 V                 ; -                  ; n/a           ; n/a             ; n/a         ;
; SDRAM_DQ[15]  ; 3.3-V LVTTL  ; 0 in              ; 0 H/in                  ; 0 F/in                  ; short         ; -                   ; open           ; open             ; open   ; 0 in             ; 0 H/in                 ; 0 F/in                 ; short        ; open          ; open            ; open  ; 0 V                 ; -                  ; n/a           ; n/a             ; n/a         ;
; IO_SDA        ; 3.3-V LVTTL  ; 0 in              ; 0 H/in                  ; 0 F/in                  ; short         ; -                   ; open           ; open             ; open   ; 0 in             ; 0 H/in                 ; 0 F/in                 ; short        ; open          ; open            ; open  ; 0 V                 ; -                  ; n/a           ; n/a             ; n/a         ;
; USER_IO[0]    ; 3.3-V LVTTL  ; 0 in              ; 0 H/in                  ; 0 F/in                  ; short         ; -                   ; open           ; open             ; open   ; 0 in             ; 0 H/in                 ; 0 F/in                 ; short        ; open          ; open            ; open  ; 0 V                 ; -                  ; n/a           ; n/a             ; n/a         ;
; USER_IO[3]    ; 3.3-V LVTTL  ; 0 in              ; 0 H/in                  ; 0 F/in                  ; short         ; -                   ; open           ; open             ; open   ; 0 in             ; 0 H/in                 ; 0 F/in                 ; short        ; open          ; open            ; open  ; 0 V                 ; -                  ; n/a           ; n/a             ; n/a         ;
; USER_IO[6]    ; 3.3-V LVTTL  ; 0 in              ; 0 H/in                  ; 0 F/in                  ; short         ; -                   ; open           ; open             ; open   ; 0 in             ; 0 H/in                 ; 0 F/in                 ; short        ; open          ; open            ; open  ; 0 V                 ; -                  ; n/a           ; n/a             ; n/a         ;
; SDCD_SPDIF    ; 3.3-V LVTTL  ; 0 in              ; 0 H/in                  ; 0 F/in                  ; short         ; -                   ; open           ; open             ; open   ; 0 in             ; 0 H/in                 ; 0 F/in                 ; short        ; open          ; open            ; open  ; 0 V                 ; -                  ; n/a           ; n/a             ; n/a         ;
; VGA_HS        ; 3.3-V LVTTL  ; 0 in              ; 0 H/in                  ; 0 F/in                  ; short         ; -                   ; open           ; open             ; open   ; 0 in             ; 0 H/in                 ; 0 F/in                 ; short        ; open          ; open            ; open  ; 0 V                 ; -                  ; n/a           ; n/a             ; n/a         ;
; SDIO_DAT[0]   ; 3.3-V LVTTL  ; 0 in              ; 0 H/in                  ; 0 F/in                  ; short         ; -                   ; open           ; open             ; open   ; 0 in             ; 0 H/in                 ; 0 F/in                 ; short        ; open          ; open            ; open  ; 0 V                 ; -                  ; n/a           ; n/a             ; n/a         ;
; SDIO_DAT[1]   ; 3.3-V LVTTL  ; 0 in              ; 0 H/in                  ; 0 F/in                  ; short         ; -                   ; open           ; open             ; open   ; 0 in             ; 0 H/in                 ; 0 F/in                 ; short        ; open          ; open            ; open  ; 0 V                 ; -                  ; n/a           ; n/a             ; n/a         ;
; SDIO_DAT[2]   ; 3.3-V LVTTL  ; 0 in              ; 0 H/in                  ; 0 F/in                  ; short         ; -                   ; open           ; open             ; open   ; 0 in             ; 0 H/in                 ; 0 F/in                 ; short        ; open          ; open            ; open  ; 0 V                 ; -                  ; n/a           ; n/a             ; n/a         ;
; SDIO_DAT[3]   ; 3.3-V LVTTL  ; 0 in              ; 0 H/in                  ; 0 F/in                  ; short         ; -                   ; open           ; open             ; open   ; 0 in             ; 0 H/in                 ; 0 F/in                 ; short        ; open          ; open            ; open  ; 0 V                 ; -                  ; n/a           ; n/a             ; n/a         ;
; SDIO_CMD      ; 3.3-V LVTTL  ; 0 in              ; 0 H/in                  ; 0 F/in                  ; short         ; -                   ; open           ; open             ; open   ; 0 in             ; 0 H/in                 ; 0 F/in                 ; short        ; open          ; open            ; open  ; 0 V                 ; -                  ; n/a           ; n/a             ; n/a         ;
; USER_IO[1]    ; 3.3-V LVTTL  ; 0 in              ; 0 H/in                  ; 0 F/in                  ; short         ; -                   ; open           ; open             ; open   ; 0 in             ; 0 H/in                 ; 0 F/in                 ; short        ; open          ; open            ; open  ; 0 V                 ; -                  ; n/a           ; n/a             ; n/a         ;
; USER_IO[2]    ; 3.3-V LVTTL  ; 0 in              ; 0 H/in                  ; 0 F/in                  ; short         ; -                   ; open           ; open             ; open   ; 0 in             ; 0 H/in                 ; 0 F/in                 ; short        ; open          ; open            ; open  ; 0 V                 ; -                  ; n/a           ; n/a             ; n/a         ;
; USER_IO[4]    ; 3.3-V LVTTL  ; 0 in              ; 0 H/in                  ; 0 F/in                  ; short         ; -                   ; open           ; open             ; open   ; 0 in             ; 0 H/in                 ; 0 F/in                 ; short        ; open          ; open            ; open  ; 0 V                 ; -                  ; n/a           ; n/a             ; n/a         ;
; USER_IO[5]    ; 3.3-V LVTTL  ; 0 in              ; 0 H/in                  ; 0 F/in                  ; short         ; -                   ; open           ; open             ; open   ; 0 in             ; 0 H/in                 ; 0 F/in                 ; short        ; open          ; open            ; open  ; 0 V                 ; -                  ; n/a           ; n/a             ; n/a         ;
; HDMI_I2C_SDA  ; 3.3-V LVTTL  ; 0 in              ; 0 H/in                  ; 0 F/in                  ; short         ; -                   ; open           ; open             ; open   ; 0 in             ; 0 H/in                 ; 0 F/in                 ; short        ; open          ; open            ; open  ; 0 V                 ; -                  ; n/a           ; n/a             ; n/a         ;
+---------------+--------------+-------------------+-------------------------+-------------------------+---------------+---------------------+----------------+------------------+--------+------------------+------------------------+------------------------+--------------+---------------+-----------------+-------+---------------------+--------------------+---------------+-----------------+-------------+


+-----------------------------------------------------------------+
; Input Transition Times                                          ;
+--------------+--------------+-----------------+-----------------+
; Pin          ; I/O Standard ; 10-90 Rise Time ; 90-10 Fall Time ;
+--------------+--------------+-----------------+-----------------+
; HDMI_TX_INT  ; 3.3-V LVTTL  ; 2640 ps         ; 2640 ps         ;
; SD_SPI_MISO  ; 3.3-V LVTTL  ; 2640 ps         ; 2640 ps         ;
; ADC_SDO      ; 3.3-V LVTTL  ; 2640 ps         ; 2640 ps         ;
; SDRAM_DQ[0]  ; 3.3-V LVTTL  ; 2640 ps         ; 2640 ps         ;
; SDRAM_DQ[1]  ; 3.3-V LVTTL  ; 2640 ps         ; 2640 ps         ;
; SDRAM_DQ[2]  ; 3.3-V LVTTL  ; 2640 ps         ; 2640 ps         ;
; SDRAM_DQ[3]  ; 3.3-V LVTTL  ; 2640 ps         ; 2640 ps         ;
; SDRAM_DQ[4]  ; 3.3-V LVTTL  ; 2640 ps         ; 2640 ps         ;
; SDRAM_DQ[5]  ; 3.3-V LVTTL  ; 2640 ps         ; 2640 ps         ;
; SDRAM_DQ[6]  ; 3.3-V LVTTL  ; 2640 ps         ; 2640 ps         ;
; SDRAM_DQ[7]  ; 3.3-V LVTTL  ; 2640 ps         ; 2640 ps         ;
; SDRAM_DQ[8]  ; 3.3-V LVTTL  ; 2640 ps         ; 2640 ps         ;
; SDRAM_DQ[9]  ; 3.3-V LVTTL  ; 2640 ps         ; 2640 ps         ;
; SDRAM_DQ[10] ; 3.3-V LVTTL  ; 2640 ps         ; 2640 ps         ;
; SDRAM_DQ[11] ; 3.3-V LVTTL  ; 2640 ps         ; 2640 ps         ;
; SDRAM_DQ[12] ; 3.3-V LVTTL  ; 2640 ps         ; 2640 ps         ;
; SDRAM_DQ[13] ; 3.3-V LVTTL  ; 2640 ps         ; 2640 ps         ;
; SDRAM_DQ[14] ; 3.3-V LVTTL  ; 2640 ps         ; 2640 ps         ;
; SDRAM_DQ[15] ; 3.3-V LVTTL  ; 2640 ps         ; 2640 ps         ;
; IO_SDA       ; 3.3-V LVTTL  ; 2640 ps         ; 2640 ps         ;
; USER_IO[0]   ; 3.3-V LVTTL  ; 2640 ps         ; 2640 ps         ;
; USER_IO[3]   ; 3.3-V LVTTL  ; 2640 ps         ; 2640 ps         ;
; USER_IO[6]   ; 3.3-V LVTTL  ; 2640 ps         ; 2640 ps         ;
; SDCD_SPDIF   ; 3.3-V LVTTL  ; 2640 ps         ; 2640 ps         ;
; VGA_HS       ; 3.3-V LVTTL  ; 2640 ps         ; 2640 ps         ;
; SDIO_DAT[0]  ; 3.3-V LVTTL  ; 2640 ps         ; 2640 ps         ;
; SDIO_DAT[1]  ; 3.3-V LVTTL  ; 2640 ps         ; 2640 ps         ;
; SDIO_DAT[2]  ; 3.3-V LVTTL  ; 2640 ps         ; 2640 ps         ;
; SDIO_DAT[3]  ; 3.3-V LVTTL  ; 2640 ps         ; 2640 ps         ;
; SDIO_CMD     ; 3.3-V LVTTL  ; 2640 ps         ; 2640 ps         ;
; USER_IO[1]   ; 3.3-V LVTTL  ; 2640 ps         ; 2640 ps         ;
; USER_IO[2]   ; 3.3-V LVTTL  ; 2640 ps         ; 2640 ps         ;
; USER_IO[4]   ; 3.3-V LVTTL  ; 2640 ps         ; 2640 ps         ;
; USER_IO[5]   ; 3.3-V LVTTL  ; 2640 ps         ; 2640 ps         ;
; HDMI_I2C_SDA ; 3.3-V LVTTL  ; 2640 ps         ; 2640 ps         ;
; SW[3]        ; 3.3-V LVTTL  ; 2640 ps         ; 2640 ps         ;
; BTN_RESET    ; 3.3-V LVTTL  ; 2640 ps         ; 2640 ps         ;
; FPGA_CLK2_50 ; 3.3-V LVTTL  ; 2640 ps         ; 2640 ps         ;
; VGA_EN       ; 3.3-V LVTTL  ; 2640 ps         ; 2640 ps         ;
; FPGA_CLK3_50 ; 3.3-V LVTTL  ; 2640 ps         ; 2640 ps         ;
; FPGA_CLK1_50 ; 3.3-V LVTTL  ; 2640 ps         ; 2640 ps         ;
; SW[0]        ; 3.3-V LVTTL  ; 2640 ps         ; 2640 ps         ;
; SW[2]        ; 3.3-V LVTTL  ; 2640 ps         ; 2640 ps         ;
; BTN_OSD      ; 3.3-V LVTTL  ; 2640 ps         ; 2640 ps         ;
; KEY[0]       ; 3.3-V LVTTL  ; 2640 ps         ; 2640 ps         ;
; BTN_USER     ; 3.3-V LVTTL  ; 2640 ps         ; 2640 ps         ;
; KEY[1]       ; 3.3-V LVTTL  ; 2640 ps         ; 2640 ps         ;
; SW[1]        ; 3.3-V LVTTL  ; 2640 ps         ; 2640 ps         ;
+--------------+--------------+-----------------+-----------------+


+--------------------------------------------------------------------------------------------------------------------------------------------------------------------------------------------------------------------------------------------------------------------------------------------------------------------------------------------------------------------------------------------------------------------------------------------------------------------------------------------------------------------------------------------------------------------------------------------------------------------------------------------------------------------------------------------+
; Signal Integrity Metrics (Slow 1100mv 100c Model)                                                                                                                                                                                                                                                                                                                                                                                                                                                                                                                                                                                                                                          ;
+---------------+--------------+---------------------+---------------------+------------------------------+------------------------------+---------------------+---------------------+--------------------------------------+--------------------------------------+-----------------------------+-----------------------------+----------------------------+----------------------------+-----------------------------+-----------------------------+--------------------+--------------------+-------------------------------------+-------------------------------------+----------------------------+----------------------------+---------------------------+---------------------------+
; Pin           ; I/O Standard ; Board Delay on Rise ; Board Delay on Fall ; Steady State Voh at FPGA Pin ; Steady State Vol at FPGA Pin ; Voh Max at FPGA Pin ; Vol Min at FPGA Pin ; Ringback Voltage on Rise at FPGA Pin ; Ringback Voltage on Fall at FPGA Pin ; 10-90 Rise Time at FPGA Pin ; 90-10 Fall Time at FPGA Pin ; Monotonic Rise at FPGA Pin ; Monotonic Fall at FPGA Pin ; Steady State Voh at Far-end ; Steady State Vol at Far-end ; Voh Max at Far-end ; Vol Min at Far-end ; Ringback Voltage on Rise at Far-end ; Ringback Voltage on Fall at Far-end ; 10-90 Rise Time at Far-end ; 90-10 Fall Time at Far-end ; Monotonic Rise at Far-end ; Monotonic Fall at Far-end ;
+---------------+--------------+---------------------+---------------------+------------------------------+------------------------------+---------------------+---------------------+--------------------------------------+--------------------------------------+-----------------------------+-----------------------------+----------------------------+----------------------------+-----------------------------+-----------------------------+--------------------+--------------------+-------------------------------------+-------------------------------------+----------------------------+----------------------------+---------------------------+---------------------------+
; HDMI_TX_CLK   ; 3.3-V LVTTL  ; 0 s                 ; 0 s                 ; 3.08 V                       ; 3.73e-05 V                   ; 3.11 V              ; -0.104 V            ; 0.101 V                              ; 0.139 V                              ; 5.54e-10 s                  ; 3.16e-10 s                  ; Yes                        ; Yes                        ; 3.08 V                      ; 3.73e-05 V                  ; 3.11 V             ; -0.104 V           ; 0.101 V                             ; 0.139 V                             ; 5.54e-10 s                 ; 3.16e-10 s                 ; Yes                       ; Yes                       ;
; LED_USER      ; 3.3-V LVTTL  ; 0 s                 ; 0 s                 ; 3.08 V                       ; 3.87e-05 V                   ; 3.11 V              ; -0.0814 V           ; 0.131 V                              ; 0.136 V                              ; 5.88e-10 s                  ; 3.2e-10 s                   ; Yes                        ; Yes                        ; 3.08 V                      ; 3.87e-05 V                  ; 3.11 V             ; -0.0814 V          ; 0.131 V                             ; 0.136 V                             ; 5.88e-10 s                 ; 3.2e-10 s                  ; Yes                       ; Yes                       ;
; SD_SPI_CLK    ; 3.3-V LVTTL  ; 0 s                 ; 0 s                 ; 3.08 V                       ; 3.73e-05 V                   ; 3.11 V              ; -0.104 V            ; 0.101 V                              ; 0.139 V                              ; 5.54e-10 s                  ; 3.16e-10 s                  ; Yes                        ; Yes                        ; 3.08 V                      ; 3.73e-05 V                  ; 3.11 V             ; -0.104 V           ; 0.101 V                             ; 0.139 V                             ; 5.54e-10 s                 ; 3.16e-10 s                 ; Yes                       ; Yes                       ;
; SD_SPI_MOSI   ; 3.3-V LVTTL  ; 0 s                 ; 0 s                 ; 3.08 V                       ; 3.09e-05 V                   ; 3.09 V              ; -0.0462 V           ; 0.045 V                              ; 0.085 V                              ; 5.49e-10 s                  ; 3.06e-10 s                  ; Yes                        ; Yes                        ; 3.08 V                      ; 3.09e-05 V                  ; 3.09 V             ; -0.0462 V          ; 0.045 V                             ; 0.085 V                             ; 5.49e-10 s                 ; 3.06e-10 s                 ; Yes                       ; Yes                       ;
; IO_SCL        ; 3.3-V LVTTL  ; 0 s                 ; 0 s                 ; 3.08 V                       ; 3.87e-05 V                   ; 3.11 V              ; -0.0814 V           ; 0.131 V                              ; 0.136 V                              ; 5.88e-10 s                  ; 3.2e-10 s                   ; Yes                        ; Yes                        ; 3.08 V                      ; 3.87e-05 V                  ; 3.11 V             ; -0.0814 V          ; 0.131 V                             ; 0.136 V                             ; 5.88e-10 s                 ; 3.2e-10 s                  ; Yes                       ; Yes                       ;
; LED[6]        ; 3.3-V LVTTL  ; 0 s                 ; 0 s                 ; 3.08 V                       ; 3.87e-05 V                   ; 3.11 V              ; -0.0814 V           ; 0.131 V                              ; 0.136 V                              ; 5.88e-10 s                  ; 3.2e-10 s                   ; Yes                        ; Yes                        ; 3.08 V                      ; 3.87e-05 V                  ; 3.11 V             ; -0.0814 V          ; 0.131 V                             ; 0.136 V                             ; 5.88e-10 s                 ; 3.2e-10 s                  ; Yes                       ; Yes                       ;
; HDMI_MCLK     ; 3.3-V LVTTL  ; 0 s                 ; 0 s                 ; 3.08 V                       ; 3.09e-05 V                   ; 3.09 V              ; -0.0462 V           ; 0.045 V                              ; 0.085 V                              ; 5.49e-10 s                  ; 3.06e-10 s                  ; Yes                        ; Yes                        ; 3.08 V                      ; 3.09e-05 V                  ; 3.09 V             ; -0.0462 V          ; 0.045 V                             ; 0.085 V                             ; 5.49e-10 s                 ; 3.06e-10 s                 ; Yes                       ; Yes                       ;
; AUDIO_L       ; 3.3-V LVTTL  ; 0 s                 ; 0 s                 ; 3.08 V                       ; 5.01e-05 V                   ; 3.13 V              ; -0.0367 V           ; 0.271 V                              ; 0.085 V                              ; 6.29e-10 s                  ; 3.66e-10 s                  ; Yes                        ; Yes                        ; 3.08 V                      ; 5.01e-05 V                  ; 3.13 V             ; -0.0367 V          ; 0.271 V                             ; 0.085 V                             ; 6.29e-10 s                 ; 3.66e-10 s                 ; Yes                       ; Yes                       ;
; AUDIO_R       ; 3.3-V LVTTL  ; 0 s                 ; 0 s                 ; 3.08 V                       ; 5.01e-05 V                   ; 3.13 V              ; -0.0367 V           ; 0.271 V                              ; 0.085 V                              ; 6.29e-10 s                  ; 3.66e-10 s                  ; Yes                        ; Yes                        ; 3.08 V                      ; 5.01e-05 V                  ; 3.13 V             ; -0.0367 V          ; 0.271 V                             ; 0.085 V                             ; 6.29e-10 s                 ; 3.66e-10 s                 ; Yes                       ; Yes                       ;
; AUDIO_SPDIF   ; 3.3-V LVTTL  ; 0 s                 ; 0 s                 ; 3.08 V                       ; 5.01e-05 V                   ; 3.13 V              ; -0.0367 V           ; 0.271 V                              ; 0.085 V                              ; 6.29e-10 s                  ; 3.66e-10 s                  ; Yes                        ; Yes                        ; 3.08 V                      ; 5.01e-05 V                  ; 3.13 V             ; -0.0367 V          ; 0.271 V                             ; 0.085 V                             ; 6.29e-10 s                 ; 3.66e-10 s                 ; Yes                       ; Yes                       ;
; HDMI_SCLK     ; 3.3-V LVTTL  ; 0 s                 ; 0 s                 ; 3.08 V                       ; 3.09e-05 V                   ; 3.09 V              ; -0.0462 V           ; 0.045 V                              ; 0.085 V                              ; 5.49e-10 s                  ; 3.06e-10 s                  ; Yes                        ; Yes                        ; 3.08 V                      ; 3.09e-05 V                  ; 3.09 V             ; -0.0462 V          ; 0.045 V                             ; 0.085 V                             ; 5.49e-10 s                 ; 3.06e-10 s                 ; Yes                       ; Yes                       ;
; HDMI_LRCLK    ; 3.3-V LVTTL  ; 0 s                 ; 0 s                 ; 3.08 V                       ; 3.87e-05 V                   ; 3.11 V              ; -0.0814 V           ; 0.131 V                              ; 0.136 V                              ; 5.88e-10 s                  ; 3.2e-10 s                   ; Yes                        ; Yes                        ; 3.08 V                      ; 3.87e-05 V                  ; 3.11 V             ; -0.0814 V          ; 0.131 V                             ; 0.136 V                             ; 5.88e-10 s                 ; 3.2e-10 s                  ; Yes                       ; Yes                       ;
; HDMI_I2S      ; 3.3-V LVTTL  ; 0 s                 ; 0 s                 ; 3.08 V                       ; 3.87e-05 V                   ; 3.11 V              ; -0.0814 V           ; 0.131 V                              ; 0.136 V                              ; 5.88e-10 s                  ; 3.2e-10 s                   ; Yes                        ; Yes                        ; 3.08 V                      ; 3.87e-05 V                  ; 3.11 V             ; -0.0814 V          ; 0.131 V                             ; 0.136 V                             ; 5.88e-10 s                 ; 3.2e-10 s                  ; Yes                       ; Yes                       ;
; HDMI_TX_DE    ; 3.3-V LVTTL  ; 0 s                 ; 0 s                 ; 3.08 V                       ; 3.09e-05 V                   ; 3.09 V              ; -0.0462 V           ; 0.045 V                              ; 0.085 V                              ; 5.49e-10 s                  ; 3.06e-10 s                  ; Yes                        ; Yes                        ; 3.08 V                      ; 3.09e-05 V                  ; 3.09 V             ; -0.0462 V          ; 0.045 V                             ; 0.085 V                             ; 5.49e-10 s                 ; 3.06e-10 s                 ; Yes                       ; Yes                       ;
; HDMI_TX_D[0]  ; 3.3-V LVTTL  ; 0 s                 ; 0 s                 ; 3.08 V                       ; 3.09e-05 V                   ; 3.09 V              ; -0.0462 V           ; 0.045 V                              ; 0.085 V                              ; 5.49e-10 s                  ; 3.06e-10 s                  ; Yes                        ; Yes                        ; 3.08 V                      ; 3.09e-05 V                  ; 3.09 V             ; -0.0462 V          ; 0.045 V                             ; 0.085 V                             ; 5.49e-10 s                 ; 3.06e-10 s                 ; Yes                       ; Yes                       ;
; HDMI_TX_D[1]  ; 3.3-V LVTTL  ; 0 s                 ; 0 s                 ; 3.08 V                       ; 3.87e-05 V                   ; 3.11 V              ; -0.0814 V           ; 0.131 V                              ; 0.136 V                              ; 5.88e-10 s                  ; 3.2e-10 s                   ; Yes                        ; Yes                        ; 3.08 V                      ; 3.87e-05 V                  ; 3.11 V             ; -0.0814 V          ; 0.131 V                             ; 0.136 V                             ; 5.88e-10 s                 ; 3.2e-10 s                  ; Yes                       ; Yes                       ;
; HDMI_TX_D[2]  ; 3.3-V LVTTL  ; 0 s                 ; 0 s                 ; 3.08 V                       ; 3.87e-05 V                   ; 3.11 V              ; -0.0814 V           ; 0.131 V                              ; 0.136 V                              ; 5.88e-10 s                  ; 3.2e-10 s                   ; Yes                        ; Yes                        ; 3.08 V                      ; 3.87e-05 V                  ; 3.11 V             ; -0.0814 V          ; 0.131 V                             ; 0.136 V                             ; 5.88e-10 s                 ; 3.2e-10 s                  ; Yes                       ; Yes                       ;
; HDMI_TX_D[3]  ; 3.3-V LVTTL  ; 0 s                 ; 0 s                 ; 3.08 V                       ; 3.09e-05 V                   ; 3.09 V              ; -0.0462 V           ; 0.045 V                              ; 0.085 V                              ; 5.49e-10 s                  ; 3.06e-10 s                  ; Yes                        ; Yes                        ; 3.08 V                      ; 3.09e-05 V                  ; 3.09 V             ; -0.0462 V          ; 0.045 V                             ; 0.085 V                             ; 5.49e-10 s                 ; 3.06e-10 s                 ; Yes                       ; Yes                       ;
; HDMI_TX_D[4]  ; 3.3-V LVTTL  ; 0 s                 ; 0 s                 ; 3.08 V                       ; 3.87e-05 V                   ; 3.11 V              ; -0.0814 V           ; 0.131 V                              ; 0.136 V                              ; 5.88e-10 s                  ; 3.2e-10 s                   ; Yes                        ; Yes                        ; 3.08 V                      ; 3.87e-05 V                  ; 3.11 V             ; -0.0814 V          ; 0.131 V                             ; 0.136 V                             ; 5.88e-10 s                 ; 3.2e-10 s                  ; Yes                       ; Yes                       ;
; HDMI_TX_D[5]  ; 3.3-V LVTTL  ; 0 s                 ; 0 s                 ; 3.08 V                       ; 3.87e-05 V                   ; 3.11 V              ; -0.0814 V           ; 0.131 V                              ; 0.136 V                              ; 5.88e-10 s                  ; 3.2e-10 s                   ; Yes                        ; Yes                        ; 3.08 V                      ; 3.87e-05 V                  ; 3.11 V             ; -0.0814 V          ; 0.131 V                             ; 0.136 V                             ; 5.88e-10 s                 ; 3.2e-10 s                  ; Yes                       ; Yes                       ;
; HDMI_TX_D[6]  ; 3.3-V LVTTL  ; 0 s                 ; 0 s                 ; 3.08 V                       ; 3.09e-05 V                   ; 3.09 V              ; -0.0462 V           ; 0.045 V                              ; 0.085 V                              ; 5.49e-10 s                  ; 3.06e-10 s                  ; Yes                        ; Yes                        ; 3.08 V                      ; 3.09e-05 V                  ; 3.09 V             ; -0.0462 V          ; 0.045 V                             ; 0.085 V                             ; 5.49e-10 s                 ; 3.06e-10 s                 ; Yes                       ; Yes                       ;
; HDMI_TX_D[7]  ; 3.3-V LVTTL  ; 0 s                 ; 0 s                 ; 3.08 V                       ; 3.73e-05 V                   ; 3.11 V              ; -0.104 V            ; 0.101 V                              ; 0.139 V                              ; 5.54e-10 s                  ; 3.16e-10 s                  ; Yes                        ; Yes                        ; 3.08 V                      ; 3.73e-05 V                  ; 3.11 V             ; -0.104 V           ; 0.101 V                             ; 0.139 V                             ; 5.54e-10 s                 ; 3.16e-10 s                 ; Yes                       ; Yes                       ;
; HDMI_TX_D[8]  ; 3.3-V LVTTL  ; 0 s                 ; 0 s                 ; 3.08 V                       ; 3.09e-05 V                   ; 3.09 V              ; -0.0462 V           ; 0.045 V                              ; 0.085 V                              ; 5.49e-10 s                  ; 3.06e-10 s                  ; Yes                        ; Yes                        ; 3.08 V                      ; 3.09e-05 V                  ; 3.09 V             ; -0.0462 V          ; 0.045 V                             ; 0.085 V                             ; 5.49e-10 s                 ; 3.06e-10 s                 ; Yes                       ; Yes                       ;
; HDMI_TX_D[9]  ; 3.3-V LVTTL  ; 0 s                 ; 0 s                 ; 3.08 V                       ; 3.73e-05 V                   ; 3.11 V              ; -0.105 V            ; 0.101 V                              ; 0.142 V                              ; 5.54e-10 s                  ; 3.16e-10 s                  ; Yes                        ; Yes                        ; 3.08 V                      ; 3.73e-05 V                  ; 3.11 V             ; -0.105 V           ; 0.101 V                             ; 0.142 V                             ; 5.54e-10 s                 ; 3.16e-10 s                 ; Yes                       ; Yes                       ;
; HDMI_TX_D[10] ; 3.3-V LVTTL  ; 0 s                 ; 0 s                 ; 3.08 V                       ; 3.09e-05 V                   ; 3.09 V              ; -0.0462 V           ; 0.045 V                              ; 0.085 V                              ; 5.49e-10 s                  ; 3.06e-10 s                  ; Yes                        ; Yes                        ; 3.08 V                      ; 3.09e-05 V                  ; 3.09 V             ; -0.0462 V          ; 0.045 V                             ; 0.085 V                             ; 5.49e-10 s                 ; 3.06e-10 s                 ; Yes                       ; Yes                       ;
; HDMI_TX_D[11] ; 3.3-V LVTTL  ; 0 s                 ; 0 s                 ; 3.08 V                       ; 3.73e-05 V                   ; 3.11 V              ; -0.105 V            ; 0.101 V                              ; 0.142 V                              ; 5.54e-10 s                  ; 3.16e-10 s                  ; Yes                        ; Yes                        ; 3.08 V                      ; 3.73e-05 V                  ; 3.11 V             ; -0.105 V           ; 0.101 V                             ; 0.142 V                             ; 5.54e-10 s                 ; 3.16e-10 s                 ; Yes                       ; Yes                       ;
; HDMI_TX_D[12] ; 3.3-V LVTTL  ; 0 s                 ; 0 s                 ; 3.08 V                       ; 3.73e-05 V                   ; 3.11 V              ; -0.104 V            ; 0.101 V                              ; 0.139 V                              ; 5.54e-10 s                  ; 3.16e-10 s                  ; Yes                        ; Yes                        ; 3.08 V                      ; 3.73e-05 V                  ; 3.11 V             ; -0.104 V           ; 0.101 V                             ; 0.139 V                             ; 5.54e-10 s                 ; 3.16e-10 s                 ; Yes                       ; Yes                       ;
; HDMI_TX_D[13] ; 3.3-V LVTTL  ; 0 s                 ; 0 s                 ; 3.08 V                       ; 3.73e-05 V                   ; 3.11 V              ; -0.105 V            ; 0.101 V                              ; 0.142 V                              ; 5.54e-10 s                  ; 3.16e-10 s                  ; Yes                        ; Yes                        ; 3.08 V                      ; 3.73e-05 V                  ; 3.11 V             ; -0.105 V           ; 0.101 V                             ; 0.142 V                             ; 5.54e-10 s                 ; 3.16e-10 s                 ; Yes                       ; Yes                       ;
; HDMI_TX_D[14] ; 3.3-V LVTTL  ; 0 s                 ; 0 s                 ; 3.08 V                       ; 3.73e-05 V                   ; 3.11 V              ; -0.105 V            ; 0.101 V                              ; 0.142 V                              ; 5.54e-10 s                  ; 3.16e-10 s                  ; Yes                        ; Yes                        ; 3.08 V                      ; 3.73e-05 V                  ; 3.11 V             ; -0.105 V           ; 0.101 V                             ; 0.142 V                             ; 5.54e-10 s                 ; 3.16e-10 s                 ; Yes                       ; Yes                       ;
; HDMI_TX_D[15] ; 3.3-V LVTTL  ; 0 s                 ; 0 s                 ; 3.08 V                       ; 3.73e-05 V                   ; 3.11 V              ; -0.104 V            ; 0.101 V                              ; 0.139 V                              ; 5.54e-10 s                  ; 3.16e-10 s                  ; Yes                        ; Yes                        ; 3.08 V                      ; 3.73e-05 V                  ; 3.11 V             ; -0.104 V           ; 0.101 V                             ; 0.139 V                             ; 5.54e-10 s                 ; 3.16e-10 s                 ; Yes                       ; Yes                       ;
; HDMI_TX_D[16] ; 3.3-V LVTTL  ; 0 s                 ; 0 s                 ; 3.08 V                       ; 3.73e-05 V                   ; 3.11 V              ; -0.104 V            ; 0.101 V                              ; 0.139 V                              ; 5.54e-10 s                  ; 3.16e-10 s                  ; Yes                        ; Yes                        ; 3.08 V                      ; 3.73e-05 V                  ; 3.11 V             ; -0.104 V           ; 0.101 V                             ; 0.139 V                             ; 5.54e-10 s                 ; 3.16e-10 s                 ; Yes                       ; Yes                       ;
; HDMI_TX_D[17] ; 3.3-V LVTTL  ; 0 s                 ; 0 s                 ; 3.08 V                       ; 3.73e-05 V                   ; 3.11 V              ; -0.105 V            ; 0.101 V                              ; 0.142 V                              ; 5.54e-10 s                  ; 3.16e-10 s                  ; Yes                        ; Yes                        ; 3.08 V                      ; 3.73e-05 V                  ; 3.11 V             ; -0.105 V           ; 0.101 V                             ; 0.142 V                             ; 5.54e-10 s                 ; 3.16e-10 s                 ; Yes                       ; Yes                       ;
; HDMI_TX_D[18] ; 3.3-V LVTTL  ; 0 s                 ; 0 s                 ; 3.08 V                       ; 3.73e-05 V                   ; 3.11 V              ; -0.105 V            ; 0.101 V                              ; 0.142 V                              ; 5.54e-10 s                  ; 3.16e-10 s                  ; Yes                        ; Yes                        ; 3.08 V                      ; 3.73e-05 V                  ; 3.11 V             ; -0.105 V           ; 0.101 V                             ; 0.142 V                             ; 5.54e-10 s                 ; 3.16e-10 s                 ; Yes                       ; Yes                       ;
; HDMI_TX_D[19] ; 3.3-V LVTTL  ; 0 s                 ; 0 s                 ; 3.08 V                       ; 3.73e-05 V                   ; 3.11 V              ; -0.105 V            ; 0.101 V                              ; 0.142 V                              ; 5.54e-10 s                  ; 3.16e-10 s                  ; Yes                        ; Yes                        ; 3.08 V                      ; 3.73e-05 V                  ; 3.11 V             ; -0.105 V           ; 0.101 V                             ; 0.142 V                             ; 5.54e-10 s                 ; 3.16e-10 s                 ; Yes                       ; Yes                       ;
; HDMI_TX_D[20] ; 3.3-V LVTTL  ; 0 s                 ; 0 s                 ; 3.08 V                       ; 3.73e-05 V                   ; 3.11 V              ; -0.104 V            ; 0.101 V                              ; 0.139 V                              ; 5.54e-10 s                  ; 3.16e-10 s                  ; Yes                        ; Yes                        ; 3.08 V                      ; 3.73e-05 V                  ; 3.11 V             ; -0.104 V           ; 0.101 V                             ; 0.139 V                             ; 5.54e-10 s                 ; 3.16e-10 s                 ; Yes                       ; Yes                       ;
; HDMI_TX_D[21] ; 3.3-V LVTTL  ; 0 s                 ; 0 s                 ; 3.08 V                       ; 3.73e-05 V                   ; 3.11 V              ; -0.105 V            ; 0.101 V                              ; 0.142 V                              ; 5.54e-10 s                  ; 3.16e-10 s                  ; Yes                        ; Yes                        ; 3.08 V                      ; 3.73e-05 V                  ; 3.11 V             ; -0.105 V           ; 0.101 V                             ; 0.142 V                             ; 5.54e-10 s                 ; 3.16e-10 s                 ; Yes                       ; Yes                       ;
; HDMI_TX_D[22] ; 3.3-V LVTTL  ; 0 s                 ; 0 s                 ; 3.08 V                       ; 3.73e-05 V                   ; 3.11 V              ; -0.105 V            ; 0.101 V                              ; 0.142 V                              ; 5.54e-10 s                  ; 3.16e-10 s                  ; Yes                        ; Yes                        ; 3.08 V                      ; 3.73e-05 V                  ; 3.11 V             ; -0.105 V           ; 0.101 V                             ; 0.142 V                             ; 5.54e-10 s                 ; 3.16e-10 s                 ; Yes                       ; Yes                       ;
; HDMI_TX_D[23] ; 3.3-V LVTTL  ; 0 s                 ; 0 s                 ; 3.08 V                       ; 3.73e-05 V                   ; 3.11 V              ; -0.104 V            ; 0.101 V                              ; 0.139 V                              ; 5.54e-10 s                  ; 3.16e-10 s                  ; Yes                        ; Yes                        ; 3.08 V                      ; 3.73e-05 V                  ; 3.11 V             ; -0.104 V           ; 0.101 V                             ; 0.139 V                             ; 5.54e-10 s                 ; 3.16e-10 s                 ; Yes                       ; Yes                       ;
; HDMI_TX_HS    ; 3.3-V LVTTL  ; 0 s                 ; 0 s                 ; 3.08 V                       ; 3.09e-05 V                   ; 3.09 V              ; -0.0462 V           ; 0.045 V                              ; 0.085 V                              ; 5.49e-10 s                  ; 3.06e-10 s                  ; Yes                        ; Yes                        ; 3.08 V                      ; 3.09e-05 V                  ; 3.09 V             ; -0.0462 V          ; 0.045 V                             ; 0.085 V                             ; 5.49e-10 s                 ; 3.06e-10 s                 ; Yes                       ; Yes                       ;
; HDMI_TX_VS    ; 3.3-V LVTTL  ; 0 s                 ; 0 s                 ; 3.08 V                       ; 3.09e-05 V                   ; 3.09 V              ; -0.0462 V           ; 0.045 V                              ; 0.085 V                              ; 5.49e-10 s                  ; 3.06e-10 s                  ; Yes                        ; Yes                        ; 3.08 V                      ; 3.09e-05 V                  ; 3.09 V             ; -0.0462 V          ; 0.045 V                             ; 0.085 V                             ; 5.49e-10 s                 ; 3.06e-10 s                 ; Yes                       ; Yes                       ;
; SDRAM_A[0]    ; 3.3-V LVTTL  ; 0 s                 ; 0 s                 ; 3.08 V                       ; 3.87e-05 V                   ; 3.11 V              ; -0.0814 V           ; 0.131 V                              ; 0.136 V                              ; 5.88e-10 s                  ; 3.2e-10 s                   ; Yes                        ; Yes                        ; 3.08 V                      ; 3.87e-05 V                  ; 3.11 V             ; -0.0814 V          ; 0.131 V                             ; 0.136 V                             ; 5.88e-10 s                 ; 3.2e-10 s                  ; Yes                       ; Yes                       ;
; SDRAM_A[1]    ; 3.3-V LVTTL  ; 0 s                 ; 0 s                 ; 3.08 V                       ; 3.73e-05 V                   ; 3.11 V              ; -0.105 V            ; 0.101 V                              ; 0.142 V                              ; 5.54e-10 s                  ; 3.16e-10 s                  ; Yes                        ; Yes                        ; 3.08 V                      ; 3.73e-05 V                  ; 3.11 V             ; -0.105 V           ; 0.101 V                             ; 0.142 V                             ; 5.54e-10 s                 ; 3.16e-10 s                 ; Yes                       ; Yes                       ;
; SDRAM_A[2]    ; 3.3-V LVTTL  ; 0 s                 ; 0 s                 ; 3.08 V                       ; 3.09e-05 V                   ; 3.09 V              ; -0.0462 V           ; 0.045 V                              ; 0.085 V                              ; 5.49e-10 s                  ; 3.06e-10 s                  ; Yes                        ; Yes                        ; 3.08 V                      ; 3.09e-05 V                  ; 3.09 V             ; -0.0462 V          ; 0.045 V                             ; 0.085 V                             ; 5.49e-10 s                 ; 3.06e-10 s                 ; Yes                       ; Yes                       ;
; SDRAM_A[3]    ; 3.3-V LVTTL  ; 0 s                 ; 0 s                 ; 3.08 V                       ; 3.09e-05 V                   ; 3.09 V              ; -0.0462 V           ; 0.045 V                              ; 0.085 V                              ; 5.49e-10 s                  ; 3.06e-10 s                  ; Yes                        ; Yes                        ; 3.08 V                      ; 3.09e-05 V                  ; 3.09 V             ; -0.0462 V          ; 0.045 V                             ; 0.085 V                             ; 5.49e-10 s                 ; 3.06e-10 s                 ; Yes                       ; Yes                       ;
; SDRAM_A[4]    ; 3.3-V LVTTL  ; 0 s                 ; 0 s                 ; 3.08 V                       ; 3.09e-05 V                   ; 3.09 V              ; -0.0462 V           ; 0.045 V                              ; 0.085 V                              ; 5.49e-10 s                  ; 3.06e-10 s                  ; Yes                        ; Yes                        ; 3.08 V                      ; 3.09e-05 V                  ; 3.09 V             ; -0.0462 V          ; 0.045 V                             ; 0.085 V                             ; 5.49e-10 s                 ; 3.06e-10 s                 ; Yes                       ; Yes                       ;
; SDRAM_A[5]    ; 3.3-V LVTTL  ; 0 s                 ; 0 s                 ; 3.08 V                       ; 3.09e-05 V                   ; 3.09 V              ; -0.0462 V           ; 0.045 V                              ; 0.085 V                              ; 5.49e-10 s                  ; 3.06e-10 s                  ; Yes                        ; Yes                        ; 3.08 V                      ; 3.09e-05 V                  ; 3.09 V             ; -0.0462 V          ; 0.045 V                             ; 0.085 V                             ; 5.49e-10 s                 ; 3.06e-10 s                 ; Yes                       ; Yes                       ;
; SDRAM_A[6]    ; 3.3-V LVTTL  ; 0 s                 ; 0 s                 ; 3.08 V                       ; 3.73e-05 V                   ; 3.11 V              ; -0.105 V            ; 0.101 V                              ; 0.142 V                              ; 5.54e-10 s                  ; 3.16e-10 s                  ; Yes                        ; Yes                        ; 3.08 V                      ; 3.73e-05 V                  ; 3.11 V             ; -0.105 V           ; 0.101 V                             ; 0.142 V                             ; 5.54e-10 s                 ; 3.16e-10 s                 ; Yes                       ; Yes                       ;
; SDRAM_A[7]    ; 3.3-V LVTTL  ; 0 s                 ; 0 s                 ; 3.08 V                       ; 3.09e-05 V                   ; 3.09 V              ; -0.0462 V           ; 0.045 V                              ; 0.085 V                              ; 5.49e-10 s                  ; 3.06e-10 s                  ; Yes                        ; Yes                        ; 3.08 V                      ; 3.09e-05 V                  ; 3.09 V             ; -0.0462 V          ; 0.045 V                             ; 0.085 V                             ; 5.49e-10 s                 ; 3.06e-10 s                 ; Yes                       ; Yes                       ;
; SDRAM_A[8]    ; 3.3-V LVTTL  ; 0 s                 ; 0 s                 ; 3.08 V                       ; 3.87e-05 V                   ; 3.11 V              ; -0.0814 V           ; 0.131 V                              ; 0.136 V                              ; 5.88e-10 s                  ; 3.2e-10 s                   ; Yes                        ; Yes                        ; 3.08 V                      ; 3.87e-05 V                  ; 3.11 V             ; -0.0814 V          ; 0.131 V                             ; 0.136 V                             ; 5.88e-10 s                 ; 3.2e-10 s                  ; Yes                       ; Yes                       ;
; SDRAM_A[9]    ; 3.3-V LVTTL  ; 0 s                 ; 0 s                 ; 3.08 V                       ; 3.09e-05 V                   ; 3.09 V              ; -0.0462 V           ; 0.045 V                              ; 0.085 V                              ; 5.49e-10 s                  ; 3.06e-10 s                  ; Yes                        ; Yes                        ; 3.08 V                      ; 3.09e-05 V                  ; 3.09 V             ; -0.0462 V          ; 0.045 V                             ; 0.085 V                             ; 5.49e-10 s                 ; 3.06e-10 s                 ; Yes                       ; Yes                       ;
; SDRAM_A[10]   ; 3.3-V LVTTL  ; 0 s                 ; 0 s                 ; 3.08 V                       ; 3.73e-05 V                   ; 3.11 V              ; -0.104 V            ; 0.101 V                              ; 0.139 V                              ; 5.54e-10 s                  ; 3.16e-10 s                  ; Yes                        ; Yes                        ; 3.08 V                      ; 3.73e-05 V                  ; 3.11 V             ; -0.104 V           ; 0.101 V                             ; 0.139 V                             ; 5.54e-10 s                 ; 3.16e-10 s                 ; Yes                       ; Yes                       ;
; SDRAM_A[11]   ; 3.3-V LVTTL  ; 0 s                 ; 0 s                 ; 3.08 V                       ; 3.87e-05 V                   ; 3.11 V              ; -0.0814 V           ; 0.131 V                              ; 0.136 V                              ; 5.88e-10 s                  ; 3.2e-10 s                   ; Yes                        ; Yes                        ; 3.08 V                      ; 3.87e-05 V                  ; 3.11 V             ; -0.0814 V          ; 0.131 V                             ; 0.136 V                             ; 5.88e-10 s                 ; 3.2e-10 s                  ; Yes                       ; Yes                       ;
; SDRAM_A[12]   ; 3.3-V LVTTL  ; 0 s                 ; 0 s                 ; 3.08 V                       ; 3.87e-05 V                   ; 3.11 V              ; -0.0814 V           ; 0.131 V                              ; 0.136 V                              ; 5.88e-10 s                  ; 3.2e-10 s                   ; Yes                        ; Yes                        ; 3.08 V                      ; 3.87e-05 V                  ; 3.11 V             ; -0.0814 V          ; 0.131 V                             ; 0.136 V                             ; 5.88e-10 s                 ; 3.2e-10 s                  ; Yes                       ; Yes                       ;
; SDRAM_DQML    ; 3.3-V LVTTL  ; 0 s                 ; 0 s                 ; 3.08 V                       ; 3.87e-05 V                   ; 3.11 V              ; -0.0814 V           ; 0.131 V                              ; 0.136 V                              ; 5.88e-10 s                  ; 3.2e-10 s                   ; Yes                        ; Yes                        ; 3.08 V                      ; 3.87e-05 V                  ; 3.11 V             ; -0.0814 V          ; 0.131 V                             ; 0.136 V                             ; 5.88e-10 s                 ; 3.2e-10 s                  ; Yes                       ; Yes                       ;
; SDRAM_DQMH    ; 3.3-V LVTTL  ; 0 s                 ; 0 s                 ; 3.08 V                       ; 3.09e-05 V                   ; 3.09 V              ; -0.0462 V           ; 0.045 V                              ; 0.085 V                              ; 5.49e-10 s                  ; 3.06e-10 s                  ; Yes                        ; Yes                        ; 3.08 V                      ; 3.09e-05 V                  ; 3.09 V             ; -0.0462 V          ; 0.045 V                             ; 0.085 V                             ; 5.49e-10 s                 ; 3.06e-10 s                 ; Yes                       ; Yes                       ;
; SDRAM_nWE     ; 3.3-V LVTTL  ; 0 s                 ; 0 s                 ; 3.08 V                       ; 3.87e-05 V                   ; 3.11 V              ; -0.0814 V           ; 0.131 V                              ; 0.136 V                              ; 5.88e-10 s                  ; 3.2e-10 s                   ; Yes                        ; Yes                        ; 3.08 V                      ; 3.87e-05 V                  ; 3.11 V             ; -0.0814 V          ; 0.131 V                             ; 0.136 V                             ; 5.88e-10 s                 ; 3.2e-10 s                  ; Yes                       ; Yes                       ;
; SDRAM_nCAS    ; 3.3-V LVTTL  ; 0 s                 ; 0 s                 ; 3.08 V                       ; 3.09e-05 V                   ; 3.09 V              ; -0.0462 V           ; 0.045 V                              ; 0.085 V                              ; 5.49e-10 s                  ; 3.06e-10 s                  ; Yes                        ; Yes                        ; 3.08 V                      ; 3.09e-05 V                  ; 3.09 V             ; -0.0462 V          ; 0.045 V                             ; 0.085 V                             ; 5.49e-10 s                 ; 3.06e-10 s                 ; Yes                       ; Yes                       ;
; SDRAM_nRAS    ; 3.3-V LVTTL  ; 0 s                 ; 0 s                 ; 3.08 V                       ; 3.87e-05 V                   ; 3.11 V              ; -0.0814 V           ; 0.131 V                              ; 0.136 V                              ; 5.88e-10 s                  ; 3.2e-10 s                   ; Yes                        ; Yes                        ; 3.08 V                      ; 3.87e-05 V                  ; 3.11 V             ; -0.0814 V          ; 0.131 V                             ; 0.136 V                             ; 5.88e-10 s                 ; 3.2e-10 s                  ; Yes                       ; Yes                       ;
; SDRAM_nCS     ; 3.3-V LVTTL  ; 0 s                 ; 0 s                 ; 3.08 V                       ; 3.09e-05 V                   ; 3.09 V              ; -0.0462 V           ; 0.045 V                              ; 0.085 V                              ; 5.49e-10 s                  ; 3.06e-10 s                  ; Yes                        ; Yes                        ; 3.08 V                      ; 3.09e-05 V                  ; 3.09 V             ; -0.0462 V          ; 0.045 V                             ; 0.085 V                             ; 5.49e-10 s                 ; 3.06e-10 s                 ; Yes                       ; Yes                       ;
; SDRAM_BA[0]   ; 3.3-V LVTTL  ; 0 s                 ; 0 s                 ; 3.08 V                       ; 3.87e-05 V                   ; 3.11 V              ; -0.0814 V           ; 0.131 V                              ; 0.136 V                              ; 5.88e-10 s                  ; 3.2e-10 s                   ; Yes                        ; Yes                        ; 3.08 V                      ; 3.87e-05 V                  ; 3.11 V             ; -0.0814 V          ; 0.131 V                             ; 0.136 V                             ; 5.88e-10 s                 ; 3.2e-10 s                  ; Yes                       ; Yes                       ;
; SDRAM_BA[1]   ; 3.3-V LVTTL  ; 0 s                 ; 0 s                 ; 3.08 V                       ; 3.73e-05 V                   ; 3.11 V              ; -0.105 V            ; 0.101 V                              ; 0.142 V                              ; 5.54e-10 s                  ; 3.16e-10 s                  ; Yes                        ; Yes                        ; 3.08 V                      ; 3.73e-05 V                  ; 3.11 V             ; -0.105 V           ; 0.101 V                             ; 0.142 V                             ; 5.54e-10 s                 ; 3.16e-10 s                 ; Yes                       ; Yes                       ;
; SDRAM_CLK     ; 3.3-V LVTTL  ; 0 s                 ; 0 s                 ; 3.08 V                       ; 3.09e-05 V                   ; 3.09 V              ; -0.0462 V           ; 0.045 V                              ; 0.085 V                              ; 5.49e-10 s                  ; 3.06e-10 s                  ; Yes                        ; Yes                        ; 3.08 V                      ; 3.09e-05 V                  ; 3.09 V             ; -0.0462 V          ; 0.045 V                             ; 0.085 V                             ; 5.49e-10 s                 ; 3.06e-10 s                 ; Yes                       ; Yes                       ;
; VGA_R[0]      ; 3.3-V LVTTL  ; 0 s                 ; 0 s                 ; 3.08 V                       ; 4.37e-05 V                   ; 3.09 V              ; -0.0146 V           ; 0.138 V                              ; 0.073 V                              ; 7.11e-10 s                  ; 3.79e-10 s                  ; Yes                        ; Yes                        ; 3.08 V                      ; 4.37e-05 V                  ; 3.09 V             ; -0.0146 V          ; 0.138 V                             ; 0.073 V                             ; 7.11e-10 s                 ; 3.79e-10 s                 ; Yes                       ; Yes                       ;
; VGA_R[1]      ; 3.3-V LVTTL  ; 0 s                 ; 0 s                 ; 3.08 V                       ; 5.15e-05 V                   ; 3.12 V              ; -0.037 V            ; 0.165 V                              ; 0.109 V                              ; 7.77e-10 s                  ; 4.14e-10 s                  ; No                         ; Yes                        ; 3.08 V                      ; 5.15e-05 V                  ; 3.12 V             ; -0.037 V           ; 0.165 V                             ; 0.109 V                             ; 7.77e-10 s                 ; 4.14e-10 s                 ; No                        ; Yes                       ;
; VGA_R[2]      ; 3.3-V LVTTL  ; 0 s                 ; 0 s                 ; 3.08 V                       ; 5.01e-05 V                   ; 3.13 V              ; -0.0367 V           ; 0.271 V                              ; 0.085 V                              ; 6.29e-10 s                  ; 3.66e-10 s                  ; Yes                        ; Yes                        ; 3.08 V                      ; 5.01e-05 V                  ; 3.13 V             ; -0.0367 V          ; 0.271 V                             ; 0.085 V                             ; 6.29e-10 s                 ; 3.66e-10 s                 ; Yes                       ; Yes                       ;
; VGA_R[3]      ; 3.3-V LVTTL  ; 0 s                 ; 0 s                 ; 3.08 V                       ; 5.01e-05 V                   ; 3.13 V              ; -0.0359 V           ; 0.272 V                              ; 0.084 V                              ; 6.28e-10 s                  ; 3.67e-10 s                  ; Yes                        ; Yes                        ; 3.08 V                      ; 5.01e-05 V                  ; 3.13 V             ; -0.0359 V          ; 0.272 V                             ; 0.084 V                             ; 6.28e-10 s                 ; 3.67e-10 s                 ; Yes                       ; Yes                       ;
; VGA_R[4]      ; 3.3-V LVTTL  ; 0 s                 ; 0 s                 ; 3.08 V                       ; 5.01e-05 V                   ; 3.13 V              ; -0.0359 V           ; 0.272 V                              ; 0.084 V                              ; 6.28e-10 s                  ; 3.67e-10 s                  ; Yes                        ; Yes                        ; 3.08 V                      ; 5.01e-05 V                  ; 3.13 V             ; -0.0359 V          ; 0.272 V                             ; 0.084 V                             ; 6.28e-10 s                 ; 3.67e-10 s                 ; Yes                       ; Yes                       ;
; VGA_R[5]      ; 3.3-V LVTTL  ; 0 s                 ; 0 s                 ; 3.08 V                       ; 4.37e-05 V                   ; 3.09 V              ; -0.0146 V           ; 0.138 V                              ; 0.073 V                              ; 7.11e-10 s                  ; 3.79e-10 s                  ; Yes                        ; Yes                        ; 3.08 V                      ; 4.37e-05 V                  ; 3.09 V             ; -0.0146 V          ; 0.138 V                             ; 0.073 V                             ; 7.11e-10 s                 ; 3.79e-10 s                 ; Yes                       ; Yes                       ;
; VGA_G[0]      ; 3.3-V LVTTL  ; 0 s                 ; 0 s                 ; 3.08 V                       ; 5.15e-05 V                   ; 3.12 V              ; -0.037 V            ; 0.165 V                              ; 0.109 V                              ; 7.77e-10 s                  ; 4.14e-10 s                  ; No                         ; Yes                        ; 3.08 V                      ; 5.15e-05 V                  ; 3.12 V             ; -0.037 V           ; 0.165 V                             ; 0.109 V                             ; 7.77e-10 s                 ; 4.14e-10 s                 ; No                        ; Yes                       ;
; VGA_G[1]      ; 3.3-V LVTTL  ; 0 s                 ; 0 s                 ; 3.08 V                       ; 5.01e-05 V                   ; 3.13 V              ; -0.0367 V           ; 0.271 V                              ; 0.085 V                              ; 6.29e-10 s                  ; 3.66e-10 s                  ; Yes                        ; Yes                        ; 3.08 V                      ; 5.01e-05 V                  ; 3.13 V             ; -0.0367 V          ; 0.271 V                             ; 0.085 V                             ; 6.29e-10 s                 ; 3.66e-10 s                 ; Yes                       ; Yes                       ;
; VGA_G[2]      ; 3.3-V LVTTL  ; 0 s                 ; 0 s                 ; 3.08 V                       ; 5.01e-05 V                   ; 3.13 V              ; -0.0367 V           ; 0.271 V                              ; 0.085 V                              ; 6.29e-10 s                  ; 3.66e-10 s                  ; Yes                        ; Yes                        ; 3.08 V                      ; 5.01e-05 V                  ; 3.13 V             ; -0.0367 V          ; 0.271 V                             ; 0.085 V                             ; 6.29e-10 s                 ; 3.66e-10 s                 ; Yes                       ; Yes                       ;
; VGA_G[3]      ; 3.3-V LVTTL  ; 0 s                 ; 0 s                 ; 3.08 V                       ; 5.01e-05 V                   ; 3.13 V              ; -0.0367 V           ; 0.271 V                              ; 0.085 V                              ; 6.29e-10 s                  ; 3.66e-10 s                  ; Yes                        ; Yes                        ; 3.08 V                      ; 5.01e-05 V                  ; 3.13 V             ; -0.0367 V          ; 0.271 V                             ; 0.085 V                             ; 6.29e-10 s                 ; 3.66e-10 s                 ; Yes                       ; Yes                       ;
; VGA_G[4]      ; 3.3-V LVTTL  ; 0 s                 ; 0 s                 ; 3.08 V                       ; 5.01e-05 V                   ; 3.13 V              ; -0.0367 V           ; 0.271 V                              ; 0.085 V                              ; 6.29e-10 s                  ; 3.66e-10 s                  ; Yes                        ; Yes                        ; 3.08 V                      ; 5.01e-05 V                  ; 3.13 V             ; -0.0367 V          ; 0.271 V                             ; 0.085 V                             ; 6.29e-10 s                 ; 3.66e-10 s                 ; Yes                       ; Yes                       ;
; VGA_G[5]      ; 3.3-V LVTTL  ; 0 s                 ; 0 s                 ; 3.08 V                       ; 5.01e-05 V                   ; 3.13 V              ; -0.0359 V           ; 0.272 V                              ; 0.084 V                              ; 6.28e-10 s                  ; 3.67e-10 s                  ; Yes                        ; Yes                        ; 3.08 V                      ; 5.01e-05 V                  ; 3.13 V             ; -0.0359 V          ; 0.272 V                             ; 0.084 V                             ; 6.28e-10 s                 ; 3.67e-10 s                 ; Yes                       ; Yes                       ;
; VGA_B[0]      ; 3.3-V LVTTL  ; 0 s                 ; 0 s                 ; 3.08 V                       ; 5.01e-05 V                   ; 3.13 V              ; -0.0367 V           ; 0.271 V                              ; 0.085 V                              ; 6.29e-10 s                  ; 3.66e-10 s                  ; Yes                        ; Yes                        ; 3.08 V                      ; 5.01e-05 V                  ; 3.13 V             ; -0.0367 V          ; 0.271 V                             ; 0.085 V                             ; 6.29e-10 s                 ; 3.66e-10 s                 ; Yes                       ; Yes                       ;
; VGA_B[1]      ; 3.3-V LVTTL  ; 0 s                 ; 0 s                 ; 3.08 V                       ; 5.15e-05 V                   ; 3.12 V              ; -0.037 V            ; 0.165 V                              ; 0.109 V                              ; 7.77e-10 s                  ; 4.14e-10 s                  ; No                         ; Yes                        ; 3.08 V                      ; 5.15e-05 V                  ; 3.12 V             ; -0.037 V           ; 0.165 V                             ; 0.109 V                             ; 7.77e-10 s                 ; 4.14e-10 s                 ; No                        ; Yes                       ;
; VGA_B[2]      ; 3.3-V LVTTL  ; 0 s                 ; 0 s                 ; 3.08 V                       ; 4.37e-05 V                   ; 3.09 V              ; -0.0146 V           ; 0.138 V                              ; 0.073 V                              ; 7.11e-10 s                  ; 3.79e-10 s                  ; Yes                        ; Yes                        ; 3.08 V                      ; 4.37e-05 V                  ; 3.09 V             ; -0.0146 V          ; 0.138 V                             ; 0.073 V                             ; 7.11e-10 s                 ; 3.79e-10 s                 ; Yes                       ; Yes                       ;
; VGA_B[3]      ; 3.3-V LVTTL  ; 0 s                 ; 0 s                 ; 3.08 V                       ; 5.15e-05 V                   ; 3.12 V              ; -0.037 V            ; 0.165 V                              ; 0.109 V                              ; 7.77e-10 s                  ; 4.14e-10 s                  ; No                         ; Yes                        ; 3.08 V                      ; 5.15e-05 V                  ; 3.12 V             ; -0.037 V           ; 0.165 V                             ; 0.109 V                             ; 7.77e-10 s                 ; 4.14e-10 s                 ; No                        ; Yes                       ;
; VGA_B[4]      ; 3.3-V LVTTL  ; 0 s                 ; 0 s                 ; 3.08 V                       ; 5.01e-05 V                   ; 3.13 V              ; -0.0367 V           ; 0.271 V                              ; 0.085 V                              ; 6.29e-10 s                  ; 3.66e-10 s                  ; Yes                        ; Yes                        ; 3.08 V                      ; 5.01e-05 V                  ; 3.13 V             ; -0.0367 V          ; 0.271 V                             ; 0.085 V                             ; 6.29e-10 s                 ; 3.66e-10 s                 ; Yes                       ; Yes                       ;
; VGA_B[5]      ; 3.3-V LVTTL  ; 0 s                 ; 0 s                 ; 3.08 V                       ; 5.01e-05 V                   ; 3.13 V              ; -0.0359 V           ; 0.272 V                              ; 0.084 V                              ; 6.28e-10 s                  ; 3.67e-10 s                  ; Yes                        ; Yes                        ; 3.08 V                      ; 5.01e-05 V                  ; 3.13 V             ; -0.0359 V          ; 0.272 V                             ; 0.084 V                             ; 6.28e-10 s                 ; 3.67e-10 s                 ; Yes                       ; Yes                       ;
; VGA_VS        ; 3.3-V LVTTL  ; 0 s                 ; 0 s                 ; 3.08 V                       ; 5.01e-05 V                   ; 3.13 V              ; -0.0367 V           ; 0.271 V                              ; 0.085 V                              ; 6.29e-10 s                  ; 3.66e-10 s                  ; Yes                        ; Yes                        ; 3.08 V                      ; 5.01e-05 V                  ; 3.13 V             ; -0.0367 V          ; 0.271 V                             ; 0.085 V                             ; 6.29e-10 s                 ; 3.66e-10 s                 ; Yes                       ; Yes                       ;
; SDIO_CLK      ; 3.3-V LVTTL  ; 0 s                 ; 0 s                 ; 3.08 V                       ; 3.73e-05 V                   ; 3.11 V              ; -0.105 V            ; 0.101 V                              ; 0.142 V                              ; 5.54e-10 s                  ; 3.16e-10 s                  ; Yes                        ; Yes                        ; 3.08 V                      ; 3.73e-05 V                  ; 3.11 V             ; -0.105 V           ; 0.101 V                             ; 0.142 V                             ; 5.54e-10 s                 ; 3.16e-10 s                 ; Yes                       ; Yes                       ;
; LED_HDD       ; 3.3-V LVTTL  ; 0 s                 ; 0 s                 ; 3.08 V                       ; 3.09e-05 V                   ; 3.09 V              ; -0.0462 V           ; 0.045 V                              ; 0.085 V                              ; 5.49e-10 s                  ; 3.06e-10 s                  ; Yes                        ; Yes                        ; 3.08 V                      ; 3.09e-05 V                  ; 3.09 V             ; -0.0462 V          ; 0.045 V                             ; 0.085 V                             ; 5.49e-10 s                 ; 3.06e-10 s                 ; Yes                       ; Yes                       ;
; LED_POWER     ; 3.3-V LVTTL  ; 0 s                 ; 0 s                 ; 3.08 V                       ; 3.73e-05 V                   ; 3.11 V              ; -0.104 V            ; 0.101 V                              ; 0.139 V                              ; 5.54e-10 s                  ; 3.16e-10 s                  ; Yes                        ; Yes                        ; 3.08 V                      ; 3.73e-05 V                  ; 3.11 V             ; -0.104 V           ; 0.101 V                             ; 0.139 V                             ; 5.54e-10 s                 ; 3.16e-10 s                 ; Yes                       ; Yes                       ;
; SD_SPI_CS     ; 3.3-V LVTTL  ; 0 s                 ; 0 s                 ; 3.08 V                       ; 3.09e-05 V                   ; 3.09 V              ; -0.0462 V           ; 0.045 V                              ; 0.085 V                              ; 5.49e-10 s                  ; 3.06e-10 s                  ; Yes                        ; Yes                        ; 3.08 V                      ; 3.09e-05 V                  ; 3.09 V             ; -0.0462 V          ; 0.045 V                             ; 0.085 V                             ; 5.49e-10 s                 ; 3.06e-10 s                 ; Yes                       ; Yes                       ;
; LED[0]        ; 3.3-V LVTTL  ; 0 s                 ; 0 s                 ; 3.08 V                       ; 3.09e-05 V                   ; 3.09 V              ; -0.0462 V           ; 0.045 V                              ; 0.085 V                              ; 5.49e-10 s                  ; 3.06e-10 s                  ; Yes                        ; Yes                        ; 3.08 V                      ; 3.09e-05 V                  ; 3.09 V             ; -0.0462 V          ; 0.045 V                             ; 0.085 V                             ; 5.49e-10 s                 ; 3.06e-10 s                 ; Yes                       ; Yes                       ;
; LED[1]        ; 3.3-V LVTTL  ; 0 s                 ; 0 s                 ; 3.08 V                       ; 3.73e-05 V                   ; 3.11 V              ; -0.104 V            ; 0.101 V                              ; 0.139 V                              ; 5.54e-10 s                  ; 3.16e-10 s                  ; Yes                        ; Yes                        ; 3.08 V                      ; 3.73e-05 V                  ; 3.11 V             ; -0.104 V           ; 0.101 V                             ; 0.139 V                             ; 5.54e-10 s                 ; 3.16e-10 s                 ; Yes                       ; Yes                       ;
; LED[2]        ; 3.3-V LVTTL  ; 0 s                 ; 0 s                 ; 3.08 V                       ; 3.87e-05 V                   ; 3.11 V              ; -0.0814 V           ; 0.131 V                              ; 0.136 V                              ; 5.88e-10 s                  ; 3.2e-10 s                   ; Yes                        ; Yes                        ; 3.08 V                      ; 3.87e-05 V                  ; 3.11 V             ; -0.0814 V          ; 0.131 V                             ; 0.136 V                             ; 5.88e-10 s                 ; 3.2e-10 s                  ; Yes                       ; Yes                       ;
; LED[3]        ; 3.3-V LVTTL  ; 0 s                 ; 0 s                 ; 3.08 V                       ; 3.09e-05 V                   ; 3.09 V              ; -0.0462 V           ; 0.045 V                              ; 0.085 V                              ; 5.49e-10 s                  ; 3.06e-10 s                  ; Yes                        ; Yes                        ; 3.08 V                      ; 3.09e-05 V                  ; 3.09 V             ; -0.0462 V          ; 0.045 V                             ; 0.085 V                             ; 5.49e-10 s                 ; 3.06e-10 s                 ; Yes                       ; Yes                       ;
; LED[4]        ; 3.3-V LVTTL  ; 0 s                 ; 0 s                 ; 3.08 V                       ; 3.73e-05 V                   ; 3.11 V              ; -0.104 V            ; 0.101 V                              ; 0.139 V                              ; 5.54e-10 s                  ; 3.16e-10 s                  ; Yes                        ; Yes                        ; 3.08 V                      ; 3.73e-05 V                  ; 3.11 V             ; -0.104 V           ; 0.101 V                             ; 0.139 V                             ; 5.54e-10 s                 ; 3.16e-10 s                 ; Yes                       ; Yes                       ;
; LED[5]        ; 3.3-V LVTTL  ; 0 s                 ; 0 s                 ; 3.08 V                       ; 3.73e-05 V                   ; 3.11 V              ; -0.105 V            ; 0.101 V                              ; 0.142 V                              ; 5.54e-10 s                  ; 3.16e-10 s                  ; Yes                        ; Yes                        ; 3.08 V                      ; 3.73e-05 V                  ; 3.11 V             ; -0.105 V           ; 0.101 V                             ; 0.142 V                             ; 5.54e-10 s                 ; 3.16e-10 s                 ; Yes                       ; Yes                       ;
; LED[7]        ; 3.3-V LVTTL  ; 0 s                 ; 0 s                 ; 3.08 V                       ; 3.73e-05 V                   ; 3.11 V              ; -0.105 V            ; 0.101 V                              ; 0.142 V                              ; 5.54e-10 s                  ; 3.16e-10 s                  ; Yes                        ; Yes                        ; 3.08 V                      ; 3.73e-05 V                  ; 3.11 V             ; -0.105 V           ; 0.101 V                             ; 0.142 V                             ; 5.54e-10 s                 ; 3.16e-10 s                 ; Yes                       ; Yes                       ;
; HDMI_I2C_SCL  ; 3.3-V LVTTL  ; 0 s                 ; 0 s                 ; 3.08 V                       ; 3.87e-05 V                   ; 3.11 V              ; -0.0814 V           ; 0.131 V                              ; 0.136 V                              ; 5.88e-10 s                  ; 3.2e-10 s                   ; Yes                        ; Yes                        ; 3.08 V                      ; 3.87e-05 V                  ; 3.11 V             ; -0.0814 V          ; 0.131 V                             ; 0.136 V                             ; 5.88e-10 s                 ; 3.2e-10 s                  ; Yes                       ; Yes                       ;
; SDRAM_CKE     ; 3.3-V LVTTL  ; 0 s                 ; 0 s                 ; 3.08 V                       ; 3.73e-05 V                   ; 3.11 V              ; -0.104 V            ; 0.101 V                              ; 0.139 V                              ; 5.54e-10 s                  ; 3.16e-10 s                  ; Yes                        ; Yes                        ; 3.08 V                      ; 3.73e-05 V                  ; 3.11 V             ; -0.104 V           ; 0.101 V                             ; 0.139 V                             ; 5.54e-10 s                 ; 3.16e-10 s                 ; Yes                       ; Yes                       ;
; ADC_SCK       ; 3.3-V LVTTL  ; 0 s                 ; 0 s                 ; 3.08 V                       ; 3.09e-05 V                   ; 3.09 V              ; -0.0462 V           ; 0.045 V                              ; 0.085 V                              ; 5.49e-10 s                  ; 3.06e-10 s                  ; Yes                        ; Yes                        ; 3.08 V                      ; 3.09e-05 V                  ; 3.09 V             ; -0.0462 V          ; 0.045 V                             ; 0.085 V                             ; 5.49e-10 s                 ; 3.06e-10 s                 ; Yes                       ; Yes                       ;
; ADC_SDI       ; 3.3-V LVTTL  ; 0 s                 ; 0 s                 ; 3.08 V                       ; 3.73e-05 V                   ; 3.11 V              ; -0.104 V            ; 0.101 V                              ; 0.139 V                              ; 5.54e-10 s                  ; 3.16e-10 s                  ; Yes                        ; Yes                        ; 3.08 V                      ; 3.73e-05 V                  ; 3.11 V             ; -0.104 V           ; 0.101 V                             ; 0.139 V                             ; 5.54e-10 s                 ; 3.16e-10 s                 ; Yes                       ; Yes                       ;
; ADC_CONVST    ; 3.3-V LVTTL  ; 0 s                 ; 0 s                 ; 3.08 V                       ; 3.87e-05 V                   ; 3.11 V              ; -0.0814 V           ; 0.131 V                              ; 0.136 V                              ; 5.88e-10 s                  ; 3.2e-10 s                   ; Yes                        ; Yes                        ; 3.08 V                      ; 3.87e-05 V                  ; 3.11 V             ; -0.0814 V          ; 0.131 V                             ; 0.136 V                             ; 5.88e-10 s                 ; 3.2e-10 s                  ; Yes                       ; Yes                       ;
; SDRAM_DQ[0]   ; 3.3-V LVTTL  ; 0 s                 ; 0 s                 ; 3.08 V                       ; 3.87e-05 V                   ; 3.11 V              ; -0.0814 V           ; 0.131 V                              ; 0.136 V                              ; 5.88e-10 s                  ; 3.2e-10 s                   ; Yes                        ; Yes                        ; 3.08 V                      ; 3.87e-05 V                  ; 3.11 V             ; -0.0814 V          ; 0.131 V                             ; 0.136 V                             ; 5.88e-10 s                 ; 3.2e-10 s                  ; Yes                       ; Yes                       ;
; SDRAM_DQ[1]   ; 3.3-V LVTTL  ; 0 s                 ; 0 s                 ; 3.08 V                       ; 3.73e-05 V                   ; 3.11 V              ; -0.104 V            ; 0.101 V                              ; 0.139 V                              ; 5.54e-10 s                  ; 3.16e-10 s                  ; Yes                        ; Yes                        ; 3.08 V                      ; 3.73e-05 V                  ; 3.11 V             ; -0.104 V           ; 0.101 V                             ; 0.139 V                             ; 5.54e-10 s                 ; 3.16e-10 s                 ; Yes                       ; Yes                       ;
; SDRAM_DQ[2]   ; 3.3-V LVTTL  ; 0 s                 ; 0 s                 ; 3.08 V                       ; 3.09e-05 V                   ; 3.09 V              ; -0.0462 V           ; 0.045 V                              ; 0.085 V                              ; 5.49e-10 s                  ; 3.06e-10 s                  ; Yes                        ; Yes                        ; 3.08 V                      ; 3.09e-05 V                  ; 3.09 V             ; -0.0462 V          ; 0.045 V                             ; 0.085 V                             ; 5.49e-10 s                 ; 3.06e-10 s                 ; Yes                       ; Yes                       ;
; SDRAM_DQ[3]   ; 3.3-V LVTTL  ; 0 s                 ; 0 s                 ; 3.08 V                       ; 3.09e-05 V                   ; 3.09 V              ; -0.0462 V           ; 0.045 V                              ; 0.085 V                              ; 5.49e-10 s                  ; 3.06e-10 s                  ; Yes                        ; Yes                        ; 3.08 V                      ; 3.09e-05 V                  ; 3.09 V             ; -0.0462 V          ; 0.045 V                             ; 0.085 V                             ; 5.49e-10 s                 ; 3.06e-10 s                 ; Yes                       ; Yes                       ;
; SDRAM_DQ[4]   ; 3.3-V LVTTL  ; 0 s                 ; 0 s                 ; 3.08 V                       ; 3.73e-05 V                   ; 3.11 V              ; -0.105 V            ; 0.101 V                              ; 0.142 V                              ; 5.54e-10 s                  ; 3.16e-10 s                  ; Yes                        ; Yes                        ; 3.08 V                      ; 3.73e-05 V                  ; 3.11 V             ; -0.105 V           ; 0.101 V                             ; 0.142 V                             ; 5.54e-10 s                 ; 3.16e-10 s                 ; Yes                       ; Yes                       ;
; SDRAM_DQ[5]   ; 3.3-V LVTTL  ; 0 s                 ; 0 s                 ; 3.08 V                       ; 3.73e-05 V                   ; 3.11 V              ; -0.105 V            ; 0.101 V                              ; 0.142 V                              ; 5.54e-10 s                  ; 3.16e-10 s                  ; Yes                        ; Yes                        ; 3.08 V                      ; 3.73e-05 V                  ; 3.11 V             ; -0.105 V           ; 0.101 V                             ; 0.142 V                             ; 5.54e-10 s                 ; 3.16e-10 s                 ; Yes                       ; Yes                       ;
; SDRAM_DQ[6]   ; 3.3-V LVTTL  ; 0 s                 ; 0 s                 ; 3.08 V                       ; 3.73e-05 V                   ; 3.11 V              ; -0.105 V            ; 0.101 V                              ; 0.142 V                              ; 5.54e-10 s                  ; 3.16e-10 s                  ; Yes                        ; Yes                        ; 3.08 V                      ; 3.73e-05 V                  ; 3.11 V             ; -0.105 V           ; 0.101 V                             ; 0.142 V                             ; 5.54e-10 s                 ; 3.16e-10 s                 ; Yes                       ; Yes                       ;
; SDRAM_DQ[7]   ; 3.3-V LVTTL  ; 0 s                 ; 0 s                 ; 3.08 V                       ; 3.73e-05 V                   ; 3.11 V              ; -0.104 V            ; 0.101 V                              ; 0.139 V                              ; 5.54e-10 s                  ; 3.16e-10 s                  ; Yes                        ; Yes                        ; 3.08 V                      ; 3.73e-05 V                  ; 3.11 V             ; -0.104 V           ; 0.101 V                             ; 0.139 V                             ; 5.54e-10 s                 ; 3.16e-10 s                 ; Yes                       ; Yes                       ;
; SDRAM_DQ[8]   ; 3.3-V LVTTL  ; 0 s                 ; 0 s                 ; 3.08 V                       ; 3.87e-05 V                   ; 3.11 V              ; -0.0814 V           ; 0.131 V                              ; 0.136 V                              ; 5.88e-10 s                  ; 3.2e-10 s                   ; Yes                        ; Yes                        ; 3.08 V                      ; 3.87e-05 V                  ; 3.11 V             ; -0.0814 V          ; 0.131 V                             ; 0.136 V                             ; 5.88e-10 s                 ; 3.2e-10 s                  ; Yes                       ; Yes                       ;
; SDRAM_DQ[9]   ; 3.3-V LVTTL  ; 0 s                 ; 0 s                 ; 3.08 V                       ; 3.87e-05 V                   ; 3.11 V              ; -0.0814 V           ; 0.131 V                              ; 0.136 V                              ; 5.88e-10 s                  ; 3.2e-10 s                   ; Yes                        ; Yes                        ; 3.08 V                      ; 3.87e-05 V                  ; 3.11 V             ; -0.0814 V          ; 0.131 V                             ; 0.136 V                             ; 5.88e-10 s                 ; 3.2e-10 s                  ; Yes                       ; Yes                       ;
; SDRAM_DQ[10]  ; 3.3-V LVTTL  ; 0 s                 ; 0 s                 ; 3.08 V                       ; 3.73e-05 V                   ; 3.11 V              ; -0.105 V            ; 0.101 V                              ; 0.142 V                              ; 5.54e-10 s                  ; 3.16e-10 s                  ; Yes                        ; Yes                        ; 3.08 V                      ; 3.73e-05 V                  ; 3.11 V             ; -0.105 V           ; 0.101 V                             ; 0.142 V                             ; 5.54e-10 s                 ; 3.16e-10 s                 ; Yes                       ; Yes                       ;
; SDRAM_DQ[11]  ; 3.3-V LVTTL  ; 0 s                 ; 0 s                 ; 3.08 V                       ; 3.09e-05 V                   ; 3.09 V              ; -0.0462 V           ; 0.045 V                              ; 0.085 V                              ; 5.49e-10 s                  ; 3.06e-10 s                  ; Yes                        ; Yes                        ; 3.08 V                      ; 3.09e-05 V                  ; 3.09 V             ; -0.0462 V          ; 0.045 V                             ; 0.085 V                             ; 5.49e-10 s                 ; 3.06e-10 s                 ; Yes                       ; Yes                       ;
; SDRAM_DQ[12]  ; 3.3-V LVTTL  ; 0 s                 ; 0 s                 ; 3.08 V                       ; 3.73e-05 V                   ; 3.11 V              ; -0.104 V            ; 0.101 V                              ; 0.139 V                              ; 5.54e-10 s                  ; 3.16e-10 s                  ; Yes                        ; Yes                        ; 3.08 V                      ; 3.73e-05 V                  ; 3.11 V             ; -0.104 V           ; 0.101 V                             ; 0.139 V                             ; 5.54e-10 s                 ; 3.16e-10 s                 ; Yes                       ; Yes                       ;
; SDRAM_DQ[13]  ; 3.3-V LVTTL  ; 0 s                 ; 0 s                 ; 3.08 V                       ; 3.73e-05 V                   ; 3.11 V              ; -0.104 V            ; 0.101 V                              ; 0.139 V                              ; 5.54e-10 s                  ; 3.16e-10 s                  ; Yes                        ; Yes                        ; 3.08 V                      ; 3.73e-05 V                  ; 3.11 V             ; -0.104 V           ; 0.101 V                             ; 0.139 V                             ; 5.54e-10 s                 ; 3.16e-10 s                 ; Yes                       ; Yes                       ;
; SDRAM_DQ[14]  ; 3.3-V LVTTL  ; 0 s                 ; 0 s                 ; 3.08 V                       ; 3.73e-05 V                   ; 3.11 V              ; -0.105 V            ; 0.101 V                              ; 0.142 V                              ; 5.54e-10 s                  ; 3.16e-10 s                  ; Yes                        ; Yes                        ; 3.08 V                      ; 3.73e-05 V                  ; 3.11 V             ; -0.105 V           ; 0.101 V                             ; 0.142 V                             ; 5.54e-10 s                 ; 3.16e-10 s                 ; Yes                       ; Yes                       ;
; SDRAM_DQ[15]  ; 3.3-V LVTTL  ; 0 s                 ; 0 s                 ; 3.08 V                       ; 3.73e-05 V                   ; 3.11 V              ; -0.104 V            ; 0.101 V                              ; 0.139 V                              ; 5.54e-10 s                  ; 3.16e-10 s                  ; Yes                        ; Yes                        ; 3.08 V                      ; 3.73e-05 V                  ; 3.11 V             ; -0.104 V           ; 0.101 V                             ; 0.139 V                             ; 5.54e-10 s                 ; 3.16e-10 s                 ; Yes                       ; Yes                       ;
; IO_SDA        ; 3.3-V LVTTL  ; 0 s                 ; 0 s                 ; 3.08 V                       ; 3.73e-05 V                   ; 3.11 V              ; -0.104 V            ; 0.101 V                              ; 0.139 V                              ; 5.54e-10 s                  ; 3.16e-10 s                  ; Yes                        ; Yes                        ; 3.08 V                      ; 3.73e-05 V                  ; 3.11 V             ; -0.104 V           ; 0.101 V                             ; 0.139 V                             ; 5.54e-10 s                 ; 3.16e-10 s                 ; Yes                       ; Yes                       ;
; USER_IO[0]    ; 3.3-V LVTTL  ; 0 s                 ; 0 s                 ; 3.08 V                       ; 3.73e-05 V                   ; 3.11 V              ; -0.104 V            ; 0.101 V                              ; 0.139 V                              ; 5.54e-10 s                  ; 3.16e-10 s                  ; Yes                        ; Yes                        ; 3.08 V                      ; 3.73e-05 V                  ; 3.11 V             ; -0.104 V           ; 0.101 V                             ; 0.139 V                             ; 5.54e-10 s                 ; 3.16e-10 s                 ; Yes                       ; Yes                       ;
; USER_IO[3]    ; 3.3-V LVTTL  ; 0 s                 ; 0 s                 ; 3.08 V                       ; 3.73e-05 V                   ; 3.11 V              ; -0.105 V            ; 0.101 V                              ; 0.142 V                              ; 5.54e-10 s                  ; 3.16e-10 s                  ; Yes                        ; Yes                        ; 3.08 V                      ; 3.73e-05 V                  ; 3.11 V             ; -0.105 V           ; 0.101 V                             ; 0.142 V                             ; 5.54e-10 s                 ; 3.16e-10 s                 ; Yes                       ; Yes                       ;
; USER_IO[6]    ; 3.3-V LVTTL  ; 0 s                 ; 0 s                 ; 3.08 V                       ; 3.87e-05 V                   ; 3.11 V              ; -0.0814 V           ; 0.131 V                              ; 0.136 V                              ; 5.88e-10 s                  ; 3.2e-10 s                   ; Yes                        ; Yes                        ; 3.08 V                      ; 3.87e-05 V                  ; 3.11 V             ; -0.0814 V          ; 0.131 V                             ; 0.136 V                             ; 5.88e-10 s                 ; 3.2e-10 s                  ; Yes                       ; Yes                       ;
; SDCD_SPDIF    ; 3.3-V LVTTL  ; 0 s                 ; 0 s                 ; 3.08 V                       ; 3.73e-05 V                   ; 3.11 V              ; -0.105 V            ; 0.101 V                              ; 0.142 V                              ; 5.54e-10 s                  ; 3.16e-10 s                  ; Yes                        ; Yes                        ; 3.08 V                      ; 3.73e-05 V                  ; 3.11 V             ; -0.105 V           ; 0.101 V                             ; 0.142 V                             ; 5.54e-10 s                 ; 3.16e-10 s                 ; Yes                       ; Yes                       ;
; VGA_HS        ; 3.3-V LVTTL  ; 0 s                 ; 0 s                 ; 3.08 V                       ; 5.01e-05 V                   ; 3.13 V              ; -0.0359 V           ; 0.272 V                              ; 0.084 V                              ; 6.28e-10 s                  ; 3.67e-10 s                  ; Yes                        ; Yes                        ; 3.08 V                      ; 5.01e-05 V                  ; 3.13 V             ; -0.0359 V          ; 0.272 V                             ; 0.084 V                             ; 6.28e-10 s                 ; 3.67e-10 s                 ; Yes                       ; Yes                       ;
; SDIO_DAT[0]   ; 3.3-V LVTTL  ; 0 s                 ; 0 s                 ; 3.08 V                       ; 3.87e-05 V                   ; 3.11 V              ; -0.0814 V           ; 0.131 V                              ; 0.136 V                              ; 5.88e-10 s                  ; 3.2e-10 s                   ; Yes                        ; Yes                        ; 3.08 V                      ; 3.87e-05 V                  ; 3.11 V             ; -0.0814 V          ; 0.131 V                             ; 0.136 V                             ; 5.88e-10 s                 ; 3.2e-10 s                  ; Yes                       ; Yes                       ;
; SDIO_DAT[1]   ; 3.3-V LVTTL  ; 0 s                 ; 0 s                 ; 3.08 V                       ; 3.09e-05 V                   ; 3.09 V              ; -0.0462 V           ; 0.045 V                              ; 0.085 V                              ; 5.49e-10 s                  ; 3.06e-10 s                  ; Yes                        ; Yes                        ; 3.08 V                      ; 3.09e-05 V                  ; 3.09 V             ; -0.0462 V          ; 0.045 V                             ; 0.085 V                             ; 5.49e-10 s                 ; 3.06e-10 s                 ; Yes                       ; Yes                       ;
; SDIO_DAT[2]   ; 3.3-V LVTTL  ; 0 s                 ; 0 s                 ; 3.08 V                       ; 3.73e-05 V                   ; 3.11 V              ; -0.105 V            ; 0.101 V                              ; 0.142 V                              ; 5.54e-10 s                  ; 3.16e-10 s                  ; Yes                        ; Yes                        ; 3.08 V                      ; 3.73e-05 V                  ; 3.11 V             ; -0.105 V           ; 0.101 V                             ; 0.142 V                             ; 5.54e-10 s                 ; 3.16e-10 s                 ; Yes                       ; Yes                       ;
; SDIO_DAT[3]   ; 3.3-V LVTTL  ; 0 s                 ; 0 s                 ; 3.08 V                       ; 3.73e-05 V                   ; 3.11 V              ; -0.105 V            ; 0.101 V                              ; 0.142 V                              ; 5.54e-10 s                  ; 3.16e-10 s                  ; Yes                        ; Yes                        ; 3.08 V                      ; 3.73e-05 V                  ; 3.11 V             ; -0.105 V           ; 0.101 V                             ; 0.142 V                             ; 5.54e-10 s                 ; 3.16e-10 s                 ; Yes                       ; Yes                       ;
; SDIO_CMD      ; 3.3-V LVTTL  ; 0 s                 ; 0 s                 ; 3.08 V                       ; 3.73e-05 V                   ; 3.11 V              ; -0.104 V            ; 0.101 V                              ; 0.139 V                              ; 5.54e-10 s                  ; 3.16e-10 s                  ; Yes                        ; Yes                        ; 3.08 V                      ; 3.73e-05 V                  ; 3.11 V             ; -0.104 V           ; 0.101 V                             ; 0.139 V                             ; 5.54e-10 s                 ; 3.16e-10 s                 ; Yes                       ; Yes                       ;
; USER_IO[1]    ; 3.3-V LVTTL  ; 0 s                 ; 0 s                 ; 3.08 V                       ; 3.73e-05 V                   ; 3.11 V              ; -0.105 V            ; 0.101 V                              ; 0.142 V                              ; 5.54e-10 s                  ; 3.16e-10 s                  ; Yes                        ; Yes                        ; 3.08 V                      ; 3.73e-05 V                  ; 3.11 V             ; -0.105 V           ; 0.101 V                             ; 0.142 V                             ; 5.54e-10 s                 ; 3.16e-10 s                 ; Yes                       ; Yes                       ;
; USER_IO[2]    ; 3.3-V LVTTL  ; 0 s                 ; 0 s                 ; 3.08 V                       ; 3.73e-05 V                   ; 3.11 V              ; -0.104 V            ; 0.101 V                              ; 0.139 V                              ; 5.54e-10 s                  ; 3.16e-10 s                  ; Yes                        ; Yes                        ; 3.08 V                      ; 3.73e-05 V                  ; 3.11 V             ; -0.104 V           ; 0.101 V                             ; 0.139 V                             ; 5.54e-10 s                 ; 3.16e-10 s                 ; Yes                       ; Yes                       ;
; USER_IO[4]    ; 3.3-V LVTTL  ; 0 s                 ; 0 s                 ; 3.08 V                       ; 3.09e-05 V                   ; 3.09 V              ; -0.0462 V           ; 0.045 V                              ; 0.085 V                              ; 5.49e-10 s                  ; 3.06e-10 s                  ; Yes                        ; Yes                        ; 3.08 V                      ; 3.09e-05 V                  ; 3.09 V             ; -0.0462 V          ; 0.045 V                             ; 0.085 V                             ; 5.49e-10 s                 ; 3.06e-10 s                 ; Yes                       ; Yes                       ;
; USER_IO[5]    ; 3.3-V LVTTL  ; 0 s                 ; 0 s                 ; 3.08 V                       ; 3.87e-05 V                   ; 3.11 V              ; -0.0814 V           ; 0.131 V                              ; 0.136 V                              ; 5.88e-10 s                  ; 3.2e-10 s                   ; Yes                        ; Yes                        ; 3.08 V                      ; 3.87e-05 V                  ; 3.11 V             ; -0.0814 V          ; 0.131 V                             ; 0.136 V                             ; 5.88e-10 s                 ; 3.2e-10 s                  ; Yes                       ; Yes                       ;
; HDMI_I2C_SDA  ; 3.3-V LVTTL  ; 0 s                 ; 0 s                 ; 3.08 V                       ; 3.73e-05 V                   ; 3.11 V              ; -0.104 V            ; 0.101 V                              ; 0.139 V                              ; 5.54e-10 s                  ; 3.16e-10 s                  ; Yes                        ; Yes                        ; 3.08 V                      ; 3.73e-05 V                  ; 3.11 V             ; -0.104 V           ; 0.101 V                             ; 0.139 V                             ; 5.54e-10 s                 ; 3.16e-10 s                 ; Yes                       ; Yes                       ;
+---------------+--------------+---------------------+---------------------+------------------------------+------------------------------+---------------------+---------------------+--------------------------------------+--------------------------------------+-----------------------------+-----------------------------+----------------------------+----------------------------+-----------------------------+-----------------------------+--------------------+--------------------+-------------------------------------+-------------------------------------+----------------------------+----------------------------+---------------------------+---------------------------+


+-----------------------------------------------------------------------------------------------------------------------------------------------------------------------------------------------------------------------+
; Setup Transfers                                                                                                                                                                                                       ;
+-----------------------------------------------------------------------------------+-----------------------------------------------------------------------------------+--------------+----------+----------+----------+
; From Clock                                                                        ; To Clock                                                                          ; RR Paths     ; FR Paths ; RF Paths ; FF Paths ;
+-----------------------------------------------------------------------------------+-----------------------------------------------------------------------------------+--------------+----------+----------+----------+
; emu|pll|pll_inst|altera_pll_i|general[0].gpll~PLL_OUTPUT_COUNTER|divclk           ; emu|pll|pll_inst|altera_pll_i|general[0].gpll~PLL_OUTPUT_COUNTER|divclk           ; 1691258411   ; 0        ; 0        ; 0        ;
; FPGA_CLK1_50                                                                      ; emu|pll|pll_inst|altera_pll_i|general[0].gpll~PLL_OUTPUT_COUNTER|divclk           ; false path   ; 0        ; 0        ; 0        ;
; FPGA_CLK2_50                                                                      ; emu|pll|pll_inst|altera_pll_i|general[0].gpll~PLL_OUTPUT_COUNTER|divclk           ; false path   ; 0        ; 0        ; 0        ;
; pll_audio|pll_audio_inst|altera_pll_i|general[0].gpll~PLL_OUTPUT_COUNTER|divclk   ; emu|pll|pll_inst|altera_pll_i|general[0].gpll~PLL_OUTPUT_COUNTER|divclk           ; false path   ; 0        ; 0        ; 0        ;
; pll_hdmi|pll_hdmi_inst|altera_pll_i|cyclonev_pll|counter[0].output_counter|divclk ; emu|pll|pll_inst|altera_pll_i|general[0].gpll~PLL_OUTPUT_COUNTER|divclk           ; false path   ; 0        ; 0        ; 0        ;
; sysmem|fpga_interfaces|clocks_resets|h2f_user0_clk                                ; emu|pll|pll_inst|altera_pll_i|general[0].gpll~PLL_OUTPUT_COUNTER|divclk           ; false path   ; 0        ; 0        ; 0        ;
; emu|pll|pll_inst|altera_pll_i|general[0].gpll~PLL_OUTPUT_COUNTER|divclk           ; FPGA_CLK1_50                                                                      ; false path   ; 0        ; 0        ; 0        ;
; FPGA_CLK1_50                                                                      ; FPGA_CLK1_50                                                                      ; 2665835      ; 0        ; 0        ; 0        ;
; FPGA_CLK2_50                                                                      ; FPGA_CLK1_50                                                                      ; false path   ; 0        ; 0        ; 0        ;
; pll_hdmi|pll_hdmi_inst|altera_pll_i|cyclonev_pll|counter[0].output_counter|divclk ; FPGA_CLK1_50                                                                      ; false path   ; 0        ; 0        ; 0        ;
; emu|pll|pll_inst|altera_pll_i|general[0].gpll~PLL_OUTPUT_COUNTER|divclk           ; FPGA_CLK2_50                                                                      ; false path   ; 0        ; 0        ; 0        ;
; FPGA_CLK2_50                                                                      ; FPGA_CLK2_50                                                                      ; 18150        ; 0        ; 0        ; 0        ;
; sysmem|fpga_interfaces|clocks_resets|h2f_user0_clk                                ; FPGA_CLK2_50                                                                      ; false path   ; 0        ; 0        ; 0        ;
; emu|pll|pll_inst|altera_pll_i|general[0].gpll~PLL_OUTPUT_COUNTER|divclk           ; pll_audio|pll_audio_inst|altera_pll_i|general[0].gpll~PLL_OUTPUT_COUNTER|divclk   ; false path   ; 0        ; 0        ; 0        ;
; FPGA_CLK2_50                                                                      ; pll_audio|pll_audio_inst|altera_pll_i|general[0].gpll~PLL_OUTPUT_COUNTER|divclk   ; false path   ; 0        ; 0        ; 0        ;
; pll_audio|pll_audio_inst|altera_pll_i|general[0].gpll~PLL_OUTPUT_COUNTER|divclk   ; pll_audio|pll_audio_inst|altera_pll_i|general[0].gpll~PLL_OUTPUT_COUNTER|divclk   ; > 2147483647 ; 0        ; 0        ; 0        ;
; pll_hdmi|pll_hdmi_inst|altera_pll_i|cyclonev_pll|counter[0].output_counter|divclk ; pll_audio|pll_audio_inst|altera_pll_i|general[0].gpll~PLL_OUTPUT_COUNTER|divclk   ; false path   ; 0        ; 0        ; 0        ;
; spi_sck                                                                           ; pll_audio|pll_audio_inst|altera_pll_i|general[0].gpll~PLL_OUTPUT_COUNTER|divclk   ; false path   ; 0        ; 0        ; 0        ;
; sysmem|fpga_interfaces|clocks_resets|h2f_user0_clk                                ; pll_audio|pll_audio_inst|altera_pll_i|general[0].gpll~PLL_OUTPUT_COUNTER|divclk   ; false path   ; 0        ; 0        ; 0        ;
; emu|pll|pll_inst|altera_pll_i|general[0].gpll~PLL_OUTPUT_COUNTER|divclk           ; pll_hdmi|pll_hdmi_inst|altera_pll_i|cyclonev_pll|counter[0].output_counter|divclk ; false path   ; 0        ; 0        ; 0        ;
; pll_hdmi|pll_hdmi_inst|altera_pll_i|cyclonev_pll|counter[0].output_counter|divclk ; pll_hdmi|pll_hdmi_inst|altera_pll_i|cyclonev_pll|counter[0].output_counter|divclk ; 111716       ; 0        ; 0        ; 0        ;
; sysmem|fpga_interfaces|clocks_resets|h2f_user0_clk                                ; pll_hdmi|pll_hdmi_inst|altera_pll_i|cyclonev_pll|counter[0].output_counter|divclk ; false path   ; 0        ; 0        ; 0        ;
; spi_sck                                                                           ; spi_sck                                                                           ; 1021         ; 0        ; 0        ; 0        ;
; emu|pll|pll_inst|altera_pll_i|general[0].gpll~PLL_OUTPUT_COUNTER|divclk           ; sysmem|fpga_interfaces|clocks_resets|h2f_user0_clk                                ; false path   ; 0        ; 0        ; 0        ;
; FPGA_CLK2_50                                                                      ; sysmem|fpga_interfaces|clocks_resets|h2f_user0_clk                                ; false path   ; 0        ; 0        ; 0        ;
; pll_audio|pll_audio_inst|altera_pll_i|general[0].gpll~PLL_OUTPUT_COUNTER|divclk   ; sysmem|fpga_interfaces|clocks_resets|h2f_user0_clk                                ; false path   ; 0        ; 0        ; 0        ;
; pll_hdmi|pll_hdmi_inst|altera_pll_i|cyclonev_pll|counter[0].output_counter|divclk ; sysmem|fpga_interfaces|clocks_resets|h2f_user0_clk                                ; false path   ; 0        ; 0        ; 0        ;
; sysmem|fpga_interfaces|clocks_resets|h2f_user0_clk                                ; sysmem|fpga_interfaces|clocks_resets|h2f_user0_clk                                ; 9718         ; 0        ; 0        ; 0        ;
+-----------------------------------------------------------------------------------+-----------------------------------------------------------------------------------+--------------+----------+----------+----------+
Entries labeled "false path" only account for clock-to-clock false paths and not path-based false paths. As a result, actual path counts may be lower than reported.


+-----------------------------------------------------------------------------------------------------------------------------------------------------------------------------------------------------------------------+
; Hold Transfers                                                                                                                                                                                                        ;
+-----------------------------------------------------------------------------------+-----------------------------------------------------------------------------------+--------------+----------+----------+----------+
; From Clock                                                                        ; To Clock                                                                          ; RR Paths     ; FR Paths ; RF Paths ; FF Paths ;
+-----------------------------------------------------------------------------------+-----------------------------------------------------------------------------------+--------------+----------+----------+----------+
; emu|pll|pll_inst|altera_pll_i|general[0].gpll~PLL_OUTPUT_COUNTER|divclk           ; emu|pll|pll_inst|altera_pll_i|general[0].gpll~PLL_OUTPUT_COUNTER|divclk           ; 1691258411   ; 0        ; 0        ; 0        ;
; FPGA_CLK1_50                                                                      ; emu|pll|pll_inst|altera_pll_i|general[0].gpll~PLL_OUTPUT_COUNTER|divclk           ; false path   ; 0        ; 0        ; 0        ;
; FPGA_CLK2_50                                                                      ; emu|pll|pll_inst|altera_pll_i|general[0].gpll~PLL_OUTPUT_COUNTER|divclk           ; false path   ; 0        ; 0        ; 0        ;
; pll_audio|pll_audio_inst|altera_pll_i|general[0].gpll~PLL_OUTPUT_COUNTER|divclk   ; emu|pll|pll_inst|altera_pll_i|general[0].gpll~PLL_OUTPUT_COUNTER|divclk           ; false path   ; 0        ; 0        ; 0        ;
; pll_hdmi|pll_hdmi_inst|altera_pll_i|cyclonev_pll|counter[0].output_counter|divclk ; emu|pll|pll_inst|altera_pll_i|general[0].gpll~PLL_OUTPUT_COUNTER|divclk           ; false path   ; 0        ; 0        ; 0        ;
; sysmem|fpga_interfaces|clocks_resets|h2f_user0_clk                                ; emu|pll|pll_inst|altera_pll_i|general[0].gpll~PLL_OUTPUT_COUNTER|divclk           ; false path   ; 0        ; 0        ; 0        ;
; emu|pll|pll_inst|altera_pll_i|general[0].gpll~PLL_OUTPUT_COUNTER|divclk           ; FPGA_CLK1_50                                                                      ; false path   ; 0        ; 0        ; 0        ;
; FPGA_CLK1_50                                                                      ; FPGA_CLK1_50                                                                      ; 2665835      ; 0        ; 0        ; 0        ;
; FPGA_CLK2_50                                                                      ; FPGA_CLK1_50                                                                      ; false path   ; 0        ; 0        ; 0        ;
; pll_hdmi|pll_hdmi_inst|altera_pll_i|cyclonev_pll|counter[0].output_counter|divclk ; FPGA_CLK1_50                                                                      ; false path   ; 0        ; 0        ; 0        ;
; emu|pll|pll_inst|altera_pll_i|general[0].gpll~PLL_OUTPUT_COUNTER|divclk           ; FPGA_CLK2_50                                                                      ; false path   ; 0        ; 0        ; 0        ;
; FPGA_CLK2_50                                                                      ; FPGA_CLK2_50                                                                      ; 18150        ; 0        ; 0        ; 0        ;
; sysmem|fpga_interfaces|clocks_resets|h2f_user0_clk                                ; FPGA_CLK2_50                                                                      ; false path   ; 0        ; 0        ; 0        ;
; emu|pll|pll_inst|altera_pll_i|general[0].gpll~PLL_OUTPUT_COUNTER|divclk           ; pll_audio|pll_audio_inst|altera_pll_i|general[0].gpll~PLL_OUTPUT_COUNTER|divclk   ; false path   ; 0        ; 0        ; 0        ;
; FPGA_CLK2_50                                                                      ; pll_audio|pll_audio_inst|altera_pll_i|general[0].gpll~PLL_OUTPUT_COUNTER|divclk   ; false path   ; 0        ; 0        ; 0        ;
; pll_audio|pll_audio_inst|altera_pll_i|general[0].gpll~PLL_OUTPUT_COUNTER|divclk   ; pll_audio|pll_audio_inst|altera_pll_i|general[0].gpll~PLL_OUTPUT_COUNTER|divclk   ; > 2147483647 ; 0        ; 0        ; 0        ;
; pll_hdmi|pll_hdmi_inst|altera_pll_i|cyclonev_pll|counter[0].output_counter|divclk ; pll_audio|pll_audio_inst|altera_pll_i|general[0].gpll~PLL_OUTPUT_COUNTER|divclk   ; false path   ; 0        ; 0        ; 0        ;
; spi_sck                                                                           ; pll_audio|pll_audio_inst|altera_pll_i|general[0].gpll~PLL_OUTPUT_COUNTER|divclk   ; false path   ; 0        ; 0        ; 0        ;
; sysmem|fpga_interfaces|clocks_resets|h2f_user0_clk                                ; pll_audio|pll_audio_inst|altera_pll_i|general[0].gpll~PLL_OUTPUT_COUNTER|divclk   ; false path   ; 0        ; 0        ; 0        ;
; emu|pll|pll_inst|altera_pll_i|general[0].gpll~PLL_OUTPUT_COUNTER|divclk           ; pll_hdmi|pll_hdmi_inst|altera_pll_i|cyclonev_pll|counter[0].output_counter|divclk ; false path   ; 0        ; 0        ; 0        ;
; pll_hdmi|pll_hdmi_inst|altera_pll_i|cyclonev_pll|counter[0].output_counter|divclk ; pll_hdmi|pll_hdmi_inst|altera_pll_i|cyclonev_pll|counter[0].output_counter|divclk ; 111716       ; 0        ; 0        ; 0        ;
; sysmem|fpga_interfaces|clocks_resets|h2f_user0_clk                                ; pll_hdmi|pll_hdmi_inst|altera_pll_i|cyclonev_pll|counter[0].output_counter|divclk ; false path   ; 0        ; 0        ; 0        ;
; spi_sck                                                                           ; spi_sck                                                                           ; 1021         ; 0        ; 0        ; 0        ;
; emu|pll|pll_inst|altera_pll_i|general[0].gpll~PLL_OUTPUT_COUNTER|divclk           ; sysmem|fpga_interfaces|clocks_resets|h2f_user0_clk                                ; false path   ; 0        ; 0        ; 0        ;
; FPGA_CLK2_50                                                                      ; sysmem|fpga_interfaces|clocks_resets|h2f_user0_clk                                ; false path   ; 0        ; 0        ; 0        ;
; pll_audio|pll_audio_inst|altera_pll_i|general[0].gpll~PLL_OUTPUT_COUNTER|divclk   ; sysmem|fpga_interfaces|clocks_resets|h2f_user0_clk                                ; false path   ; 0        ; 0        ; 0        ;
; pll_hdmi|pll_hdmi_inst|altera_pll_i|cyclonev_pll|counter[0].output_counter|divclk ; sysmem|fpga_interfaces|clocks_resets|h2f_user0_clk                                ; false path   ; 0        ; 0        ; 0        ;
; sysmem|fpga_interfaces|clocks_resets|h2f_user0_clk                                ; sysmem|fpga_interfaces|clocks_resets|h2f_user0_clk                                ; 9718         ; 0        ; 0        ; 0        ;
+-----------------------------------------------------------------------------------+-----------------------------------------------------------------------------------+--------------+----------+----------+----------+
Entries labeled "false path" only account for clock-to-clock false paths and not path-based false paths. As a result, actual path counts may be lower than reported.


+---------------------------------------------------------------------------------------------------------------------------------------------------------------------------------------------------------------------+
; Recovery Transfers                                                                                                                                                                                                  ;
+-----------------------------------------------------------------------------------+-----------------------------------------------------------------------------------+------------+----------+----------+----------+
; From Clock                                                                        ; To Clock                                                                          ; RR Paths   ; FR Paths ; RF Paths ; FF Paths ;
+-----------------------------------------------------------------------------------+-----------------------------------------------------------------------------------+------------+----------+----------+----------+
; emu|pll|pll_inst|altera_pll_i|general[0].gpll~PLL_OUTPUT_COUNTER|divclk           ; emu|pll|pll_inst|altera_pll_i|general[0].gpll~PLL_OUTPUT_COUNTER|divclk           ; 1471       ; 0        ; 0        ; 0        ;
; FPGA_CLK2_50                                                                      ; emu|pll|pll_inst|altera_pll_i|general[0].gpll~PLL_OUTPUT_COUNTER|divclk           ; false path ; 0        ; 0        ; 0        ;
; sysmem|fpga_interfaces|clocks_resets|h2f_user0_clk                                ; emu|pll|pll_inst|altera_pll_i|general[0].gpll~PLL_OUTPUT_COUNTER|divclk           ; false path ; 0        ; 0        ; 0        ;
; FPGA_CLK1_50                                                                      ; FPGA_CLK1_50                                                                      ; 10         ; 0        ; 0        ; 0        ;
; FPGA_CLK2_50                                                                      ; FPGA_CLK1_50                                                                      ; false path ; 0        ; 0        ; 0        ;
; emu|pll|pll_inst|altera_pll_i|general[0].gpll~PLL_OUTPUT_COUNTER|divclk           ; pll_audio|pll_audio_inst|altera_pll_i|general[0].gpll~PLL_OUTPUT_COUNTER|divclk   ; false path ; 0        ; 0        ; 0        ;
; FPGA_CLK2_50                                                                      ; pll_audio|pll_audio_inst|altera_pll_i|general[0].gpll~PLL_OUTPUT_COUNTER|divclk   ; false path ; 0        ; 0        ; 0        ;
; pll_audio|pll_audio_inst|altera_pll_i|general[0].gpll~PLL_OUTPUT_COUNTER|divclk   ; pll_audio|pll_audio_inst|altera_pll_i|general[0].gpll~PLL_OUTPUT_COUNTER|divclk   ; 28         ; 0        ; 0        ; 0        ;
; sysmem|fpga_interfaces|clocks_resets|h2f_user0_clk                                ; pll_audio|pll_audio_inst|altera_pll_i|general[0].gpll~PLL_OUTPUT_COUNTER|divclk   ; false path ; 0        ; 0        ; 0        ;
; FPGA_CLK2_50                                                                      ; pll_hdmi|pll_hdmi_inst|altera_pll_i|cyclonev_pll|counter[0].output_counter|divclk ; false path ; 0        ; 0        ; 0        ;
; pll_hdmi|pll_hdmi_inst|altera_pll_i|cyclonev_pll|counter[0].output_counter|divclk ; pll_hdmi|pll_hdmi_inst|altera_pll_i|cyclonev_pll|counter[0].output_counter|divclk ; 15         ; 0        ; 0        ; 0        ;
; FPGA_CLK2_50                                                                      ; sysmem|fpga_interfaces|clocks_resets|h2f_user0_clk                                ; false path ; 0        ; 0        ; 0        ;
; sysmem|fpga_interfaces|clocks_resets|h2f_user0_clk                                ; sysmem|fpga_interfaces|clocks_resets|h2f_user0_clk                                ; 7          ; 0        ; 0        ; 0        ;
+-----------------------------------------------------------------------------------+-----------------------------------------------------------------------------------+------------+----------+----------+----------+
Entries labeled "false path" only account for clock-to-clock false paths and not path-based false paths. As a result, actual path counts may be lower than reported.


+---------------------------------------------------------------------------------------------------------------------------------------------------------------------------------------------------------------------+
; Removal Transfers                                                                                                                                                                                                   ;
+-----------------------------------------------------------------------------------+-----------------------------------------------------------------------------------+------------+----------+----------+----------+
; From Clock                                                                        ; To Clock                                                                          ; RR Paths   ; FR Paths ; RF Paths ; FF Paths ;
+-----------------------------------------------------------------------------------+-----------------------------------------------------------------------------------+------------+----------+----------+----------+
; emu|pll|pll_inst|altera_pll_i|general[0].gpll~PLL_OUTPUT_COUNTER|divclk           ; emu|pll|pll_inst|altera_pll_i|general[0].gpll~PLL_OUTPUT_COUNTER|divclk           ; 1471       ; 0        ; 0        ; 0        ;
; FPGA_CLK2_50                                                                      ; emu|pll|pll_inst|altera_pll_i|general[0].gpll~PLL_OUTPUT_COUNTER|divclk           ; false path ; 0        ; 0        ; 0        ;
; sysmem|fpga_interfaces|clocks_resets|h2f_user0_clk                                ; emu|pll|pll_inst|altera_pll_i|general[0].gpll~PLL_OUTPUT_COUNTER|divclk           ; false path ; 0        ; 0        ; 0        ;
; FPGA_CLK1_50                                                                      ; FPGA_CLK1_50                                                                      ; 10         ; 0        ; 0        ; 0        ;
; FPGA_CLK2_50                                                                      ; FPGA_CLK1_50                                                                      ; false path ; 0        ; 0        ; 0        ;
; emu|pll|pll_inst|altera_pll_i|general[0].gpll~PLL_OUTPUT_COUNTER|divclk           ; pll_audio|pll_audio_inst|altera_pll_i|general[0].gpll~PLL_OUTPUT_COUNTER|divclk   ; false path ; 0        ; 0        ; 0        ;
; FPGA_CLK2_50                                                                      ; pll_audio|pll_audio_inst|altera_pll_i|general[0].gpll~PLL_OUTPUT_COUNTER|divclk   ; false path ; 0        ; 0        ; 0        ;
; pll_audio|pll_audio_inst|altera_pll_i|general[0].gpll~PLL_OUTPUT_COUNTER|divclk   ; pll_audio|pll_audio_inst|altera_pll_i|general[0].gpll~PLL_OUTPUT_COUNTER|divclk   ; 28         ; 0        ; 0        ; 0        ;
; sysmem|fpga_interfaces|clocks_resets|h2f_user0_clk                                ; pll_audio|pll_audio_inst|altera_pll_i|general[0].gpll~PLL_OUTPUT_COUNTER|divclk   ; false path ; 0        ; 0        ; 0        ;
; FPGA_CLK2_50                                                                      ; pll_hdmi|pll_hdmi_inst|altera_pll_i|cyclonev_pll|counter[0].output_counter|divclk ; false path ; 0        ; 0        ; 0        ;
; pll_hdmi|pll_hdmi_inst|altera_pll_i|cyclonev_pll|counter[0].output_counter|divclk ; pll_hdmi|pll_hdmi_inst|altera_pll_i|cyclonev_pll|counter[0].output_counter|divclk ; 15         ; 0        ; 0        ; 0        ;
; FPGA_CLK2_50                                                                      ; sysmem|fpga_interfaces|clocks_resets|h2f_user0_clk                                ; false path ; 0        ; 0        ; 0        ;
; sysmem|fpga_interfaces|clocks_resets|h2f_user0_clk                                ; sysmem|fpga_interfaces|clocks_resets|h2f_user0_clk                                ; 7          ; 0        ; 0        ; 0        ;
+-----------------------------------------------------------------------------------+-----------------------------------------------------------------------------------+------------+----------+----------+----------+
Entries labeled "false path" only account for clock-to-clock false paths and not path-based false paths. As a result, actual path counts may be lower than reported.


---------------
; Report TCCS ;
---------------
No dedicated SERDES Transmitter circuitry present in device or used in design


---------------
; Report RSKM ;
---------------
No non-DPA dedicated SERDES Receiver circuitry present in device or used in design


+------------------------------------------------+
; Unconstrained Paths Summary                    ;
+---------------------------------+-------+------+
; Property                        ; Setup ; Hold ;
+---------------------------------+-------+------+
; Illegal Clocks                  ; 0     ; 0    ;
; Unconstrained Clocks            ; 0     ; 0    ;
; Unconstrained Input Ports       ; 25    ; 25   ;
; Unconstrained Input Port Paths  ; 141   ; 141  ;
; Unconstrained Output Ports      ; 90    ; 90   ;
; Unconstrained Output Port Paths ; 140   ; 140  ;
+---------------------------------+-------+------+


+-------------------------------------------------------------------------------------------------------------------------------------------------------------------------------------------------+
; Clock Status Summary                                                                                                                                                                            ;
+-----------------------------------------------------------------------------------+-----------------------------------------------------------------------------------+-----------+-------------+
; Target                                                                            ; Clock                                                                             ; Type      ; Status      ;
+-----------------------------------------------------------------------------------+-----------------------------------------------------------------------------------+-----------+-------------+
; FPGA_CLK1_50                                                                      ; FPGA_CLK1_50                                                                      ; Base      ; Constrained ;
; FPGA_CLK2_50                                                                      ; FPGA_CLK2_50                                                                      ; Base      ; Constrained ;
; FPGA_CLK3_50                                                                      ; FPGA_CLK3_50                                                                      ; Base      ; Constrained ;
; emu|pll|pll_inst|altera_pll_i|general[0].gpll~FRACTIONAL_PLL|vcoph[0]             ; emu|pll|pll_inst|altera_pll_i|general[0].gpll~FRACTIONAL_PLL|vcoph[0]             ; Generated ; Constrained ;
; emu|pll|pll_inst|altera_pll_i|general[0].gpll~PLL_OUTPUT_COUNTER|divclk           ; emu|pll|pll_inst|altera_pll_i|general[0].gpll~PLL_OUTPUT_COUNTER|divclk           ; Generated ; Constrained ;
; emu|pll|pll_inst|altera_pll_i|general[1].gpll~PLL_OUTPUT_COUNTER|divclk           ; emu|pll|pll_inst|altera_pll_i|general[1].gpll~PLL_OUTPUT_COUNTER|divclk           ; Generated ; Constrained ;
; hdmi_i2c|out_clk                                                                  ; hdmi_sck                                                                          ; Base      ; Constrained ;
; pll_audio|pll_audio_inst|altera_pll_i|general[0].gpll~FRACTIONAL_PLL|vcoph[0]     ; pll_audio|pll_audio_inst|altera_pll_i|general[0].gpll~FRACTIONAL_PLL|vcoph[0]     ; Generated ; Constrained ;
; pll_audio|pll_audio_inst|altera_pll_i|general[0].gpll~PLL_OUTPUT_COUNTER|divclk   ; pll_audio|pll_audio_inst|altera_pll_i|general[0].gpll~PLL_OUTPUT_COUNTER|divclk   ; Generated ; Constrained ;
; pll_hdmi|pll_hdmi_inst|altera_pll_i|cyclonev_pll|counter[0].output_counter|divclk ; pll_hdmi|pll_hdmi_inst|altera_pll_i|cyclonev_pll|counter[0].output_counter|divclk ; Generated ; Constrained ;
; pll_hdmi|pll_hdmi_inst|altera_pll_i|cyclonev_pll|fpll_0|fpll|vcoph[0]             ; pll_hdmi|pll_hdmi_inst|altera_pll_i|cyclonev_pll|fpll_0|fpll|vcoph[0]             ; Generated ; Constrained ;
; spi|sclk_out                                                                      ; spi_sck                                                                           ; Base      ; Constrained ;
; sysmem|fpga_interfaces|clocks_resets|h2f_user0_clk                                ; sysmem|fpga_interfaces|clocks_resets|h2f_user0_clk                                ; Base      ; Constrained ;
+-----------------------------------------------------------------------------------+-----------------------------------------------------------------------------------+-----------+-------------+


+-----------------------------------------------------------------------------------------------------+
; Unconstrained Input Ports                                                                           ;
+--------------+--------------------------------------------------------------------------------------+
; Input Port   ; Comment                                                                              ;
+--------------+--------------------------------------------------------------------------------------+
; HDMI_I2C_SDA ; No input delay, min/max delays, false-path exceptions, or max skew assignments found ;
; IO_SDA       ; No input delay, min/max delays, false-path exceptions, or max skew assignments found ;
; SDCD_SPDIF   ; No input delay, min/max delays, false-path exceptions, or max skew assignments found ;
; SDRAM_DQ[0]  ; No input delay, min/max delays, false-path exceptions, or max skew assignments found ;
; SDRAM_DQ[1]  ; No input delay, min/max delays, false-path exceptions, or max skew assignments found ;
; SDRAM_DQ[2]  ; No input delay, min/max delays, false-path exceptions, or max skew assignments found ;
; SDRAM_DQ[3]  ; No input delay, min/max delays, false-path exceptions, or max skew assignments found ;
; SDRAM_DQ[4]  ; No input delay, min/max delays, false-path exceptions, or max skew assignments found ;
; SDRAM_DQ[5]  ; No input delay, min/max delays, false-path exceptions, or max skew assignments found ;
; SDRAM_DQ[6]  ; No input delay, min/max delays, false-path exceptions, or max skew assignments found ;
; SDRAM_DQ[7]  ; No input delay, min/max delays, false-path exceptions, or max skew assignments found ;
; SDRAM_DQ[8]  ; No input delay, min/max delays, false-path exceptions, or max skew assignments found ;
; SDRAM_DQ[9]  ; No input delay, min/max delays, false-path exceptions, or max skew assignments found ;
; SDRAM_DQ[10] ; No input delay, min/max delays, false-path exceptions, or max skew assignments found ;
; SDRAM_DQ[11] ; No input delay, min/max delays, false-path exceptions, or max skew assignments found ;
; SDRAM_DQ[12] ; No input delay, min/max delays, false-path exceptions, or max skew assignments found ;
; SDRAM_DQ[13] ; No input delay, min/max delays, false-path exceptions, or max skew assignments found ;
; SDRAM_DQ[14] ; No input delay, min/max delays, false-path exceptions, or max skew assignments found ;
; SDRAM_DQ[15] ; No input delay, min/max delays, false-path exceptions, or max skew assignments found ;
; USER_IO[0]   ; No input delay, min/max delays, false-path exceptions, or max skew assignments found ;
; USER_IO[2]   ; No input delay, min/max delays, false-path exceptions, or max skew assignments found ;
; USER_IO[3]   ; No input delay, min/max delays, false-path exceptions, or max skew assignments found ;
; USER_IO[4]   ; No input delay, min/max delays, false-path exceptions, or max skew assignments found ;
; USER_IO[5]   ; No input delay, min/max delays, false-path exceptions, or max skew assignments found ;
; USER_IO[6]   ; No input delay, min/max delays, false-path exceptions, or max skew assignments found ;
+--------------+--------------------------------------------------------------------------------------+


+-------------------------------------------------------------------------------------------------------+
; Unconstrained Output Ports                                                                            ;
+---------------+---------------------------------------------------------------------------------------+
; Output Port   ; Comment                                                                               ;
+---------------+---------------------------------------------------------------------------------------+
; HDMI_I2C_SCL  ; No output delay, min/max delays, false-path exceptions, or max skew assignments found ;
; HDMI_I2C_SDA  ; No output delay, min/max delays, false-path exceptions, or max skew assignments found ;
; HDMI_I2S      ; No output delay, min/max delays, false-path exceptions, or max skew assignments found ;
; HDMI_LRCLK    ; No output delay, min/max delays, false-path exceptions, or max skew assignments found ;
; HDMI_MCLK     ; No output delay, min/max delays, false-path exceptions, or max skew assignments found ;
; HDMI_SCLK     ; No output delay, min/max delays, false-path exceptions, or max skew assignments found ;
; HDMI_TX_CLK   ; Partially constrained                                                                 ;
; HDMI_TX_DE    ; No output delay, min/max delays, false-path exceptions, or max skew assignments found ;
; HDMI_TX_D[0]  ; No output delay, min/max delays, false-path exceptions, or max skew assignments found ;
; HDMI_TX_D[1]  ; No output delay, min/max delays, false-path exceptions, or max skew assignments found ;
; HDMI_TX_D[2]  ; No output delay, min/max delays, false-path exceptions, or max skew assignments found ;
; HDMI_TX_D[3]  ; No output delay, min/max delays, false-path exceptions, or max skew assignments found ;
; HDMI_TX_D[4]  ; No output delay, min/max delays, false-path exceptions, or max skew assignments found ;
; HDMI_TX_D[5]  ; No output delay, min/max delays, false-path exceptions, or max skew assignments found ;
; HDMI_TX_D[6]  ; No output delay, min/max delays, false-path exceptions, or max skew assignments found ;
; HDMI_TX_D[7]  ; No output delay, min/max delays, false-path exceptions, or max skew assignments found ;
; HDMI_TX_D[8]  ; No output delay, min/max delays, false-path exceptions, or max skew assignments found ;
; HDMI_TX_D[9]  ; No output delay, min/max delays, false-path exceptions, or max skew assignments found ;
; HDMI_TX_D[10] ; No output delay, min/max delays, false-path exceptions, or max skew assignments found ;
; HDMI_TX_D[11] ; No output delay, min/max delays, false-path exceptions, or max skew assignments found ;
; HDMI_TX_D[12] ; No output delay, min/max delays, false-path exceptions, or max skew assignments found ;
; HDMI_TX_D[13] ; No output delay, min/max delays, false-path exceptions, or max skew assignments found ;
; HDMI_TX_D[14] ; No output delay, min/max delays, false-path exceptions, or max skew assignments found ;
; HDMI_TX_D[15] ; No output delay, min/max delays, false-path exceptions, or max skew assignments found ;
; HDMI_TX_D[16] ; No output delay, min/max delays, false-path exceptions, or max skew assignments found ;
; HDMI_TX_D[17] ; No output delay, min/max delays, false-path exceptions, or max skew assignments found ;
; HDMI_TX_D[18] ; No output delay, min/max delays, false-path exceptions, or max skew assignments found ;
; HDMI_TX_D[19] ; No output delay, min/max delays, false-path exceptions, or max skew assignments found ;
; HDMI_TX_D[20] ; No output delay, min/max delays, false-path exceptions, or max skew assignments found ;
; HDMI_TX_D[21] ; No output delay, min/max delays, false-path exceptions, or max skew assignments found ;
; HDMI_TX_D[22] ; No output delay, min/max delays, false-path exceptions, or max skew assignments found ;
; HDMI_TX_D[23] ; No output delay, min/max delays, false-path exceptions, or max skew assignments found ;
; HDMI_TX_HS    ; No output delay, min/max delays, false-path exceptions, or max skew assignments found ;
; HDMI_TX_VS    ; No output delay, min/max delays, false-path exceptions, or max skew assignments found ;
; IO_SCL        ; No output delay, min/max delays, false-path exceptions, or max skew assignments found ;
; IO_SDA        ; No output delay, min/max delays, false-path exceptions, or max skew assignments found ;
; LED[2]        ; Partially constrained                                                                 ;
; LED[4]        ; Partially constrained                                                                 ;
; LED[6]        ; Partially constrained                                                                 ;
; SDCD_SPDIF    ; Partially constrained                                                                 ;
; SDIO_CLK      ; Partially constrained                                                                 ;
; SDIO_CMD      ; Partially constrained                                                                 ;
; SDIO_DAT[0]   ; Partially constrained                                                                 ;
; SDIO_DAT[1]   ; Partially constrained                                                                 ;
; SDIO_DAT[2]   ; Partially constrained                                                                 ;
; SDIO_DAT[3]   ; Partially constrained                                                                 ;
; SDRAM_A[0]    ; No output delay, min/max delays, false-path exceptions, or max skew assignments found ;
; SDRAM_A[1]    ; No output delay, min/max delays, false-path exceptions, or max skew assignments found ;
; SDRAM_A[2]    ; No output delay, min/max delays, false-path exceptions, or max skew assignments found ;
; SDRAM_A[3]    ; No output delay, min/max delays, false-path exceptions, or max skew assignments found ;
; SDRAM_A[4]    ; No output delay, min/max delays, false-path exceptions, or max skew assignments found ;
; SDRAM_A[5]    ; No output delay, min/max delays, false-path exceptions, or max skew assignments found ;
; SDRAM_A[6]    ; No output delay, min/max delays, false-path exceptions, or max skew assignments found ;
; SDRAM_A[7]    ; No output delay, min/max delays, false-path exceptions, or max skew assignments found ;
; SDRAM_A[8]    ; No output delay, min/max delays, false-path exceptions, or max skew assignments found ;
; SDRAM_A[9]    ; No output delay, min/max delays, false-path exceptions, or max skew assignments found ;
; SDRAM_A[10]   ; No output delay, min/max delays, false-path exceptions, or max skew assignments found ;
; SDRAM_A[11]   ; No output delay, min/max delays, false-path exceptions, or max skew assignments found ;
; SDRAM_A[12]   ; No output delay, min/max delays, false-path exceptions, or max skew assignments found ;
; SDRAM_BA[0]   ; No output delay, min/max delays, false-path exceptions, or max skew assignments found ;
; SDRAM_BA[1]   ; No output delay, min/max delays, false-path exceptions, or max skew assignments found ;
; SDRAM_CLK     ; No output delay, min/max delays, false-path exceptions, or max skew assignments found ;
; SDRAM_DQMH    ; No output delay, min/max delays, false-path exceptions, or max skew assignments found ;
; SDRAM_DQML    ; No output delay, min/max delays, false-path exceptions, or max skew assignments found ;
; SDRAM_DQ[0]   ; No output delay, min/max delays, false-path exceptions, or max skew assignments found ;
; SDRAM_DQ[1]   ; No output delay, min/max delays, false-path exceptions, or max skew assignments found ;
; SDRAM_DQ[2]   ; No output delay, min/max delays, false-path exceptions, or max skew assignments found ;
; SDRAM_DQ[3]   ; No output delay, min/max delays, false-path exceptions, or max skew assignments found ;
; SDRAM_DQ[4]   ; No output delay, min/max delays, false-path exceptions, or max skew assignments found ;
; SDRAM_DQ[5]   ; No output delay, min/max delays, false-path exceptions, or max skew assignments found ;
; SDRAM_DQ[6]   ; No output delay, min/max delays, false-path exceptions, or max skew assignments found ;
; SDRAM_DQ[7]   ; No output delay, min/max delays, false-path exceptions, or max skew assignments found ;
; SDRAM_DQ[8]   ; No output delay, min/max delays, false-path exceptions, or max skew assignments found ;
; SDRAM_DQ[9]   ; No output delay, min/max delays, false-path exceptions, or max skew assignments found ;
; SDRAM_DQ[10]  ; No output delay, min/max delays, false-path exceptions, or max skew assignments found ;
; SDRAM_DQ[11]  ; No output delay, min/max delays, false-path exceptions, or max skew assignments found ;
; SDRAM_DQ[12]  ; No output delay, min/max delays, false-path exceptions, or max skew assignments found ;
; SDRAM_DQ[13]  ; No output delay, min/max delays, false-path exceptions, or max skew assignments found ;
; SDRAM_DQ[14]  ; No output delay, min/max delays, false-path exceptions, or max skew assignments found ;
; SDRAM_DQ[15]  ; No output delay, min/max delays, false-path exceptions, or max skew assignments found ;
; SDRAM_nCAS    ; No output delay, min/max delays, false-path exceptions, or max skew assignments found ;
; SDRAM_nCS     ; No output delay, min/max delays, false-path exceptions, or max skew assignments found ;
; SDRAM_nRAS    ; No output delay, min/max delays, false-path exceptions, or max skew assignments found ;
; SDRAM_nWE     ; No output delay, min/max delays, false-path exceptions, or max skew assignments found ;
; SD_SPI_CS     ; Partially constrained                                                                 ;
; USER_IO[0]    ; No output delay, min/max delays, false-path exceptions, or max skew assignments found ;
; USER_IO[1]    ; No output delay, min/max delays, false-path exceptions, or max skew assignments found ;
; USER_IO[2]    ; Partially constrained                                                                 ;
; USER_IO[4]    ; Partially constrained                                                                 ;
; USER_IO[5]    ; Partially constrained                                                                 ;
+---------------+---------------------------------------------------------------------------------------+


+-----------------------------------------------------------------------------------------------------+
; Unconstrained Input Ports                                                                           ;
+--------------+--------------------------------------------------------------------------------------+
; Input Port   ; Comment                                                                              ;
+--------------+--------------------------------------------------------------------------------------+
; HDMI_I2C_SDA ; No input delay, min/max delays, false-path exceptions, or max skew assignments found ;
; IO_SDA       ; No input delay, min/max delays, false-path exceptions, or max skew assignments found ;
; SDCD_SPDIF   ; No input delay, min/max delays, false-path exceptions, or max skew assignments found ;
; SDRAM_DQ[0]  ; No input delay, min/max delays, false-path exceptions, or max skew assignments found ;
; SDRAM_DQ[1]  ; No input delay, min/max delays, false-path exceptions, or max skew assignments found ;
; SDRAM_DQ[2]  ; No input delay, min/max delays, false-path exceptions, or max skew assignments found ;
; SDRAM_DQ[3]  ; No input delay, min/max delays, false-path exceptions, or max skew assignments found ;
; SDRAM_DQ[4]  ; No input delay, min/max delays, false-path exceptions, or max skew assignments found ;
; SDRAM_DQ[5]  ; No input delay, min/max delays, false-path exceptions, or max skew assignments found ;
; SDRAM_DQ[6]  ; No input delay, min/max delays, false-path exceptions, or max skew assignments found ;
; SDRAM_DQ[7]  ; No input delay, min/max delays, false-path exceptions, or max skew assignments found ;
; SDRAM_DQ[8]  ; No input delay, min/max delays, false-path exceptions, or max skew assignments found ;
; SDRAM_DQ[9]  ; No input delay, min/max delays, false-path exceptions, or max skew assignments found ;
; SDRAM_DQ[10] ; No input delay, min/max delays, false-path exceptions, or max skew assignments found ;
; SDRAM_DQ[11] ; No input delay, min/max delays, false-path exceptions, or max skew assignments found ;
; SDRAM_DQ[12] ; No input delay, min/max delays, false-path exceptions, or max skew assignments found ;
; SDRAM_DQ[13] ; No input delay, min/max delays, false-path exceptions, or max skew assignments found ;
; SDRAM_DQ[14] ; No input delay, min/max delays, false-path exceptions, or max skew assignments found ;
; SDRAM_DQ[15] ; No input delay, min/max delays, false-path exceptions, or max skew assignments found ;
; USER_IO[0]   ; No input delay, min/max delays, false-path exceptions, or max skew assignments found ;
; USER_IO[2]   ; No input delay, min/max delays, false-path exceptions, or max skew assignments found ;
; USER_IO[3]   ; No input delay, min/max delays, false-path exceptions, or max skew assignments found ;
; USER_IO[4]   ; No input delay, min/max delays, false-path exceptions, or max skew assignments found ;
; USER_IO[5]   ; No input delay, min/max delays, false-path exceptions, or max skew assignments found ;
; USER_IO[6]   ; No input delay, min/max delays, false-path exceptions, or max skew assignments found ;
+--------------+--------------------------------------------------------------------------------------+


+-------------------------------------------------------------------------------------------------------+
; Unconstrained Output Ports                                                                            ;
+---------------+---------------------------------------------------------------------------------------+
; Output Port   ; Comment                                                                               ;
+---------------+---------------------------------------------------------------------------------------+
; HDMI_I2C_SCL  ; No output delay, min/max delays, false-path exceptions, or max skew assignments found ;
; HDMI_I2C_SDA  ; No output delay, min/max delays, false-path exceptions, or max skew assignments found ;
; HDMI_I2S      ; No output delay, min/max delays, false-path exceptions, or max skew assignments found ;
; HDMI_LRCLK    ; No output delay, min/max delays, false-path exceptions, or max skew assignments found ;
; HDMI_MCLK     ; No output delay, min/max delays, false-path exceptions, or max skew assignments found ;
; HDMI_SCLK     ; No output delay, min/max delays, false-path exceptions, or max skew assignments found ;
; HDMI_TX_CLK   ; Partially constrained                                                                 ;
; HDMI_TX_DE    ; No output delay, min/max delays, false-path exceptions, or max skew assignments found ;
; HDMI_TX_D[0]  ; No output delay, min/max delays, false-path exceptions, or max skew assignments found ;
; HDMI_TX_D[1]  ; No output delay, min/max delays, false-path exceptions, or max skew assignments found ;
; HDMI_TX_D[2]  ; No output delay, min/max delays, false-path exceptions, or max skew assignments found ;
; HDMI_TX_D[3]  ; No output delay, min/max delays, false-path exceptions, or max skew assignments found ;
; HDMI_TX_D[4]  ; No output delay, min/max delays, false-path exceptions, or max skew assignments found ;
; HDMI_TX_D[5]  ; No output delay, min/max delays, false-path exceptions, or max skew assignments found ;
; HDMI_TX_D[6]  ; No output delay, min/max delays, false-path exceptions, or max skew assignments found ;
; HDMI_TX_D[7]  ; No output delay, min/max delays, false-path exceptions, or max skew assignments found ;
; HDMI_TX_D[8]  ; No output delay, min/max delays, false-path exceptions, or max skew assignments found ;
; HDMI_TX_D[9]  ; No output delay, min/max delays, false-path exceptions, or max skew assignments found ;
; HDMI_TX_D[10] ; No output delay, min/max delays, false-path exceptions, or max skew assignments found ;
; HDMI_TX_D[11] ; No output delay, min/max delays, false-path exceptions, or max skew assignments found ;
; HDMI_TX_D[12] ; No output delay, min/max delays, false-path exceptions, or max skew assignments found ;
; HDMI_TX_D[13] ; No output delay, min/max delays, false-path exceptions, or max skew assignments found ;
; HDMI_TX_D[14] ; No output delay, min/max delays, false-path exceptions, or max skew assignments found ;
; HDMI_TX_D[15] ; No output delay, min/max delays, false-path exceptions, or max skew assignments found ;
; HDMI_TX_D[16] ; No output delay, min/max delays, false-path exceptions, or max skew assignments found ;
; HDMI_TX_D[17] ; No output delay, min/max delays, false-path exceptions, or max skew assignments found ;
; HDMI_TX_D[18] ; No output delay, min/max delays, false-path exceptions, or max skew assignments found ;
; HDMI_TX_D[19] ; No output delay, min/max delays, false-path exceptions, or max skew assignments found ;
; HDMI_TX_D[20] ; No output delay, min/max delays, false-path exceptions, or max skew assignments found ;
; HDMI_TX_D[21] ; No output delay, min/max delays, false-path exceptions, or max skew assignments found ;
; HDMI_TX_D[22] ; No output delay, min/max delays, false-path exceptions, or max skew assignments found ;
; HDMI_TX_D[23] ; No output delay, min/max delays, false-path exceptions, or max skew assignments found ;
; HDMI_TX_HS    ; No output delay, min/max delays, false-path exceptions, or max skew assignments found ;
; HDMI_TX_VS    ; No output delay, min/max delays, false-path exceptions, or max skew assignments found ;
; IO_SCL        ; No output delay, min/max delays, false-path exceptions, or max skew assignments found ;
; IO_SDA        ; No output delay, min/max delays, false-path exceptions, or max skew assignments found ;
; LED[2]        ; Partially constrained                                                                 ;
; LED[4]        ; Partially constrained                                                                 ;
; LED[6]        ; Partially constrained                                                                 ;
; SDCD_SPDIF    ; Partially constrained                                                                 ;
; SDIO_CLK      ; Partially constrained                                                                 ;
; SDIO_CMD      ; Partially constrained                                                                 ;
; SDIO_DAT[0]   ; Partially constrained                                                                 ;
; SDIO_DAT[1]   ; Partially constrained                                                                 ;
; SDIO_DAT[2]   ; Partially constrained                                                                 ;
; SDIO_DAT[3]   ; Partially constrained                                                                 ;
; SDRAM_A[0]    ; No output delay, min/max delays, false-path exceptions, or max skew assignments found ;
; SDRAM_A[1]    ; No output delay, min/max delays, false-path exceptions, or max skew assignments found ;
; SDRAM_A[2]    ; No output delay, min/max delays, false-path exceptions, or max skew assignments found ;
; SDRAM_A[3]    ; No output delay, min/max delays, false-path exceptions, or max skew assignments found ;
; SDRAM_A[4]    ; No output delay, min/max delays, false-path exceptions, or max skew assignments found ;
; SDRAM_A[5]    ; No output delay, min/max delays, false-path exceptions, or max skew assignments found ;
; SDRAM_A[6]    ; No output delay, min/max delays, false-path exceptions, or max skew assignments found ;
; SDRAM_A[7]    ; No output delay, min/max delays, false-path exceptions, or max skew assignments found ;
; SDRAM_A[8]    ; No output delay, min/max delays, false-path exceptions, or max skew assignments found ;
; SDRAM_A[9]    ; No output delay, min/max delays, false-path exceptions, or max skew assignments found ;
; SDRAM_A[10]   ; No output delay, min/max delays, false-path exceptions, or max skew assignments found ;
; SDRAM_A[11]   ; No output delay, min/max delays, false-path exceptions, or max skew assignments found ;
; SDRAM_A[12]   ; No output delay, min/max delays, false-path exceptions, or max skew assignments found ;
; SDRAM_BA[0]   ; No output delay, min/max delays, false-path exceptions, or max skew assignments found ;
; SDRAM_BA[1]   ; No output delay, min/max delays, false-path exceptions, or max skew assignments found ;
; SDRAM_CLK     ; No output delay, min/max delays, false-path exceptions, or max skew assignments found ;
; SDRAM_DQMH    ; No output delay, min/max delays, false-path exceptions, or max skew assignments found ;
; SDRAM_DQML    ; No output delay, min/max delays, false-path exceptions, or max skew assignments found ;
; SDRAM_DQ[0]   ; No output delay, min/max delays, false-path exceptions, or max skew assignments found ;
; SDRAM_DQ[1]   ; No output delay, min/max delays, false-path exceptions, or max skew assignments found ;
; SDRAM_DQ[2]   ; No output delay, min/max delays, false-path exceptions, or max skew assignments found ;
; SDRAM_DQ[3]   ; No output delay, min/max delays, false-path exceptions, or max skew assignments found ;
; SDRAM_DQ[4]   ; No output delay, min/max delays, false-path exceptions, or max skew assignments found ;
; SDRAM_DQ[5]   ; No output delay, min/max delays, false-path exceptions, or max skew assignments found ;
; SDRAM_DQ[6]   ; No output delay, min/max delays, false-path exceptions, or max skew assignments found ;
; SDRAM_DQ[7]   ; No output delay, min/max delays, false-path exceptions, or max skew assignments found ;
; SDRAM_DQ[8]   ; No output delay, min/max delays, false-path exceptions, or max skew assignments found ;
; SDRAM_DQ[9]   ; No output delay, min/max delays, false-path exceptions, or max skew assignments found ;
; SDRAM_DQ[10]  ; No output delay, min/max delays, false-path exceptions, or max skew assignments found ;
; SDRAM_DQ[11]  ; No output delay, min/max delays, false-path exceptions, or max skew assignments found ;
; SDRAM_DQ[12]  ; No output delay, min/max delays, false-path exceptions, or max skew assignments found ;
; SDRAM_DQ[13]  ; No output delay, min/max delays, false-path exceptions, or max skew assignments found ;
; SDRAM_DQ[14]  ; No output delay, min/max delays, false-path exceptions, or max skew assignments found ;
; SDRAM_DQ[15]  ; No output delay, min/max delays, false-path exceptions, or max skew assignments found ;
; SDRAM_nCAS    ; No output delay, min/max delays, false-path exceptions, or max skew assignments found ;
; SDRAM_nCS     ; No output delay, min/max delays, false-path exceptions, or max skew assignments found ;
; SDRAM_nRAS    ; No output delay, min/max delays, false-path exceptions, or max skew assignments found ;
; SDRAM_nWE     ; No output delay, min/max delays, false-path exceptions, or max skew assignments found ;
; SD_SPI_CS     ; Partially constrained                                                                 ;
; USER_IO[0]    ; No output delay, min/max delays, false-path exceptions, or max skew assignments found ;
; USER_IO[1]    ; No output delay, min/max delays, false-path exceptions, or max skew assignments found ;
; USER_IO[2]    ; Partially constrained                                                                 ;
; USER_IO[4]    ; Partially constrained                                                                 ;
; USER_IO[5]    ; Partially constrained                                                                 ;
+---------------+---------------------------------------------------------------------------------------+


+------------------------------------+
; TimeQuest Timing Analyzer Messages ;
+------------------------------------+
Info: *******************************************************************
Info: Running Quartus Prime TimeQuest Timing Analyzer
    Info: Version 17.1.0 Build 590 10/25/2017 SJ Lite Edition
    Info: Processing started: Fri Sep 11 01:13:17 2026
Info: Command: quartus_sta z486_mister -c z486_mister
Info: qsta_default_script.tcl version: #3
Info (20030): Parallel compilation is enabled and will use 6 of the 6 processors detected
Info (21077): Low junction temperature is -40 degrees C
Info (21077): High junction temperature is 100 degrees C
Info (332164): Evaluating HDL-embedded SDC commands
    Info (332165): Entity altera_std_synchronizer
        Info (332166): set_false_path -to [get_keepers {*altera_std_synchronizer:*|din_s1}]
Info (332104): Reading SDC File: 'sys/sys_top.sdc'
Info (332110): Deriving PLL clocks
    Info (332110): create_generated_clock -source {pll_hdmi|pll_hdmi_inst|altera_pll_i|cyclonev_pll|counter[0].output_counter|vco0ph[0]} -divide_by 3 -duty_cycle 50.00 -name {pll_hdmi|pll_hdmi_inst|altera_pll_i|cyclonev_pll|counter[0].output_counter|divclk} {pll_hdmi|pll_hdmi_inst|altera_pll_i|cyclonev_pll|counter[0].output_counter|divclk}
    Info (332110): create_generated_clock -source {pll_hdmi|pll_hdmi_inst|altera_pll_i|cyclonev_pll|fpll_0|fpll|refclkin} -divide_by 512 -multiply_by 4563 -duty_cycle 50.00 -name {pll_hdmi|pll_hdmi_inst|altera_pll_i|cyclonev_pll|fpll_0|fpll|vcoph[0]} {pll_hdmi|pll_hdmi_inst|altera_pll_i|cyclonev_pll|fpll_0|fpll|vcoph[0]}
    Info (332110): create_generated_clock -source {emu|pll|pll_inst|altera_pll_i|general[0].gpll~FRACTIONAL_PLL|refclkin} -divide_by 5 -multiply_by 34 -duty_cycle 50.00 -name {emu|pll|pll_inst|altera_pll_i|general[0].gpll~FRACTIONAL_PLL|vcoph[0]} {emu|pll|pll_inst|altera_pll_i|general[0].gpll~FRACTIONAL_PLL|vcoph[0]}
    Info (332110): create_generated_clock -source {emu|pll|pll_inst|altera_pll_i|general[0].gpll~PLL_OUTPUT_COUNTER|vco0ph[0]} -divide_by 4 -duty_cycle 50.00 -name {emu|pll|pll_inst|altera_pll_i|general[0].gpll~PLL_OUTPUT_COUNTER|divclk} {emu|pll|pll_inst|altera_pll_i|general[0].gpll~PLL_OUTPUT_COUNTER|divclk}
    Info (332110): create_generated_clock -source {emu|pll|pll_inst|altera_pll_i|general[1].gpll~PLL_OUTPUT_COUNTER|vco0ph[0]} -divide_by 4 -phase 180.00 -duty_cycle 50.00 -name {emu|pll|pll_inst|altera_pll_i|general[1].gpll~PLL_OUTPUT_COUNTER|divclk} {emu|pll|pll_inst|altera_pll_i|general[1].gpll~PLL_OUTPUT_COUNTER|divclk}
    Info (332110): create_generated_clock -source {pll_audio|pll_audio_inst|altera_pll_i|general[0].gpll~FRACTIONAL_PLL|refclkin} -divide_by 512 -multiply_by 4279 -duty_cycle 50.00 -name {pll_audio|pll_audio_inst|altera_pll_i|general[0].gpll~FRACTIONAL_PLL|vcoph[0]} {pll_audio|pll_audio_inst|altera_pll_i|general[0].gpll~FRACTIONAL_PLL|vcoph[0]}
    Info (332110): create_generated_clock -source {pll_audio|pll_audio_inst|altera_pll_i|general[0].gpll~PLL_OUTPUT_COUNTER|vco0ph[0]} -divide_by 17 -duty_cycle 50.00 -name {pll_audio|pll_audio_inst|altera_pll_i|general[0].gpll~PLL_OUTPUT_COUNTER|divclk} {pll_audio|pll_audio_inst|altera_pll_i|general[0].gpll~PLL_OUTPUT_COUNTER|divclk}
Info (332151): Clock uncertainty is not calculated until you update the timing netlist.
Warning (332174): Ignored filter at sys_top.sdc(58): scaler_flt[*] could not be matched with a clock or keeper File: C:/Z486/z486_MiSTer/sys/sys_top.sdc Line: 58
Warning (332174): Ignored filter at sys_top.sdc(68): ascal|o_hdown could not be matched with a clock or keeper or register or port or pin or cell or partition File: C:/Z486/z486_MiSTer/sys/sys_top.sdc Line: 68
Warning (332049): Ignored set_false_path at sys_top.sdc(68): Argument <from> is not an object ID File: C:/Z486/z486_MiSTer/sys/sys_top.sdc Line: 68
    Info (332050): set_false_path -from {ascal|o_hdown} File: C:/Z486/z486_MiSTer/sys/sys_top.sdc Line: 68
Warning (332174): Ignored filter at sys_top.sdc(69): ascal|o_vdown could not be matched with a clock or keeper or register or port or pin or cell or partition File: C:/Z486/z486_MiSTer/sys/sys_top.sdc Line: 69
Warning (332049): Ignored set_false_path at sys_top.sdc(69): Argument <from> is not an object ID File: C:/Z486/z486_MiSTer/sys/sys_top.sdc Line: 69
    Info (332050): set_false_path -from {ascal|o_vdown} File: C:/Z486/z486_MiSTer/sys/sys_top.sdc Line: 69
Info (332104): Reading SDC File: 'z486_mister.sdc'
Info (332151): Clock uncertainty is not calculated until you update the timing netlist.
Warning (332049): Ignored set_false_path at z486_mister.sdc(16): The collections specified by this assignment were not specific enough (-from * -thru * -to * is not allowed).  This assignment will be ignored. File: C:/Z486/z486_MiSTer/z486_mister.sdc Line: 16
    Info (332050): set_false_path -through [get_nets {*seg_unit|Add0*}] \
               -through [get_nets {*early_rd_present*}] File: C:/Z486/z486_MiSTer/z486_mister.sdc Line: 16
Info (332097): The following timing edges are non-unate.  TimeQuest will assume pos-unate behavior for these edges in the clock network.
    Info (332098): From: emu:emu|system:core|sound:sound|opl3:opl|channels:channels|control_operators:control_operators|mem_multi_bank:am_vib_egt_ksr_mult_mem|mem_simple_dual_port_async_read:bankgen[0].mem_bank|altdpram:ram_rtl_0|dpram_odv1:auto_generated|lutrama0~CLKMUX_0  to: emu:emu|system:core|sound:sound|opl3:opl|channels:channels|control_operators:control_operators|mem_multi_bank:am_vib_egt_ksr_mult_mem|mem_simple_dual_port_async_read:bankgen[0].mem_bank|altdpram:ram_rtl_0|dpram_odv1:auto_generated|lutrama0~MEMORYREGOUT
    Info (332098): From: emu:emu|system:core|sound:sound|opl3:opl|channels:channels|control_operators:control_operators|mem_multi_bank:am_vib_egt_ksr_mult_mem|mem_simple_dual_port_async_read:bankgen[0].mem_bank|altdpram:ram_rtl_0|dpram_odv1:auto_generated|lutrama1~CLKMUX_0  to: emu:emu|system:core|sound:sound|opl3:opl|channels:channels|control_operators:control_operators|mem_multi_bank:am_vib_egt_ksr_mult_mem|mem_simple_dual_port_async_read:bankgen[0].mem_bank|altdpram:ram_rtl_0|dpram_odv1:auto_generated|lutrama1~MEMORYREGOUT
    Info (332098): From: emu:emu|system:core|sound:sound|opl3:opl|channels:channels|control_operators:control_operators|mem_multi_bank:am_vib_egt_ksr_mult_mem|mem_simple_dual_port_async_read:bankgen[0].mem_bank|altdpram:ram_rtl_0|dpram_odv1:auto_generated|lutrama2~CLKMUX_0  to: emu:emu|system:core|sound:sound|opl3:opl|channels:channels|control_operators:control_operators|mem_multi_bank:am_vib_egt_ksr_mult_mem|mem_simple_dual_port_async_read:bankgen[0].mem_bank|altdpram:ram_rtl_0|dpram_odv1:auto_generated|lutrama2~MEMORYREGOUT
    Info (332098): From: emu:emu|system:core|sound:sound|opl3:opl|channels:channels|control_operators:control_operators|mem_multi_bank:am_vib_egt_ksr_mult_mem|mem_simple_dual_port_async_read:bankgen[0].mem_bank|altdpram:ram_rtl_0|dpram_odv1:auto_generated|lutrama3~CLKMUX_0  to: emu:emu|system:core|sound:sound|opl3:opl|channels:channels|control_operators:control_operators|mem_multi_bank:am_vib_egt_ksr_mult_mem|mem_simple_dual_port_async_read:bankgen[0].mem_bank|altdpram:ram_rtl_0|dpram_odv1:auto_generated|lutrama3~MEMORYREGOUT
    Info (332098): From: emu:emu|system:core|sound:sound|opl3:opl|channels:channels|control_operators:control_operators|mem_multi_bank:am_vib_egt_ksr_mult_mem|mem_simple_dual_port_async_read:bankgen[0].mem_bank|altdpram:ram_rtl_0|dpram_odv1:auto_generated|lutrama4~CLKMUX_0  to: emu:emu|system:core|sound:sound|opl3:opl|channels:channels|control_operators:control_operators|mem_multi_bank:am_vib_egt_ksr_mult_mem|mem_simple_dual_port_async_read:bankgen[0].mem_bank|altdpram:ram_rtl_0|dpram_odv1:auto_generated|lutrama4~MEMORYREGOUT
    Info (332098): From: emu:emu|system:core|sound:sound|opl3:opl|channels:channels|control_operators:control_operators|mem_multi_bank:am_vib_egt_ksr_mult_mem|mem_simple_dual_port_async_read:bankgen[0].mem_bank|altdpram:ram_rtl_0|dpram_odv1:auto_generated|lutrama5~CLKMUX_0  to: emu:emu|system:core|sound:sound|opl3:opl|channels:channels|control_operators:control_operators|mem_multi_bank:am_vib_egt_ksr_mult_mem|mem_simple_dual_port_async_read:bankgen[0].mem_bank|altdpram:ram_rtl_0|dpram_odv1:auto_generated|lutrama5~MEMORYREGOUT
    Info (332098): From: emu:emu|system:core|sound:sound|opl3:opl|channels:channels|control_operators:control_operators|mem_multi_bank:am_vib_egt_ksr_mult_mem|mem_simple_dual_port_async_read:bankgen[0].mem_bank|altdpram:ram_rtl_0|dpram_odv1:auto_generated|lutrama6~CLKMUX_0  to: emu:emu|system:core|sound:sound|opl3:opl|channels:channels|control_operators:control_operators|mem_multi_bank:am_vib_egt_ksr_mult_mem|mem_simple_dual_port_async_read:bankgen[0].mem_bank|altdpram:ram_rtl_0|dpram_odv1:auto_generated|lutrama6~MEMORYREGOUT
    Info (332098): From: emu:emu|system:core|sound:sound|opl3:opl|channels:channels|control_operators:control_operators|mem_multi_bank:am_vib_egt_ksr_mult_mem|mem_simple_dual_port_async_read:bankgen[0].mem_bank|altdpram:ram_rtl_0|dpram_odv1:auto_generated|lutrama7~CLKMUX_0  to: emu:emu|system:core|sound:sound|opl3:opl|channels:channels|control_operators:control_operators|mem_multi_bank:am_vib_egt_ksr_mult_mem|mem_simple_dual_port_async_read:bankgen[0].mem_bank|altdpram:ram_rtl_0|dpram_odv1:auto_generated|lutrama7~MEMORYREGOUT
    Info (332098): From: emu:emu|system:core|sound:sound|opl3:opl|channels:channels|control_operators:control_operators|mem_multi_bank:am_vib_egt_ksr_mult_mem|mem_simple_dual_port_async_read:bankgen[1].mem_bank|altdpram:ram_rtl_0|dpram_odv1:auto_generated|lutrama0~CLKMUX_0  to: emu:emu|system:core|sound:sound|opl3:opl|channels:channels|control_operators:control_operators|mem_multi_bank:am_vib_egt_ksr_mult_mem|mem_simple_dual_port_async_read:bankgen[1].mem_bank|altdpram:ram_rtl_0|dpram_odv1:auto_generated|lutrama0~MEMORYREGOUT
    Info (332098): From: emu:emu|system:core|sound:sound|opl3:opl|channels:channels|control_operators:control_operators|mem_multi_bank:am_vib_egt_ksr_mult_mem|mem_simple_dual_port_async_read:bankgen[1].mem_bank|altdpram:ram_rtl_0|dpram_odv1:auto_generated|lutrama1~CLKMUX_0  to: emu:emu|system:core|sound:sound|opl3:opl|channels:channels|control_operators:control_operators|mem_multi_bank:am_vib_egt_ksr_mult_mem|mem_simple_dual_port_async_read:bankgen[1].mem_bank|altdpram:ram_rtl_0|dpram_odv1:auto_generated|lutrama1~MEMORYREGOUT
    Info (332098): From: emu:emu|system:core|sound:sound|opl3:opl|channels:channels|control_operators:control_operators|mem_multi_bank:am_vib_egt_ksr_mult_mem|mem_simple_dual_port_async_read:bankgen[1].mem_bank|altdpram:ram_rtl_0|dpram_odv1:auto_generated|lutrama2~CLKMUX_0  to: emu:emu|system:core|sound:sound|opl3:opl|channels:channels|control_operators:control_operators|mem_multi_bank:am_vib_egt_ksr_mult_mem|mem_simple_dual_port_async_read:bankgen[1].mem_bank|altdpram:ram_rtl_0|dpram_odv1:auto_generated|lutrama2~MEMORYREGOUT
    Info (332098): From: emu:emu|system:core|sound:sound|opl3:opl|channels:channels|control_operators:control_operators|mem_multi_bank:am_vib_egt_ksr_mult_mem|mem_simple_dual_port_async_read:bankgen[1].mem_bank|altdpram:ram_rtl_0|dpram_odv1:auto_generated|lutrama3~CLKMUX_0  to: emu:emu|system:core|sound:sound|opl3:opl|channels:channels|control_operators:control_operators|mem_multi_bank:am_vib_egt_ksr_mult_mem|mem_simple_dual_port_async_read:bankgen[1].mem_bank|altdpram:ram_rtl_0|dpram_odv1:auto_generated|lutrama3~MEMORYREGOUT
    Info (332098): From: emu:emu|system:core|sound:sound|opl3:opl|channels:channels|control_operators:control_operators|mem_multi_bank:am_vib_egt_ksr_mult_mem|mem_simple_dual_port_async_read:bankgen[1].mem_bank|altdpram:ram_rtl_0|dpram_odv1:auto_generated|lutrama4~CLKMUX_0  to: emu:emu|system:core|sound:sound|opl3:opl|channels:channels|control_operators:control_operators|mem_multi_bank:am_vib_egt_ksr_mult_mem|mem_simple_dual_port_async_read:bankgen[1].mem_bank|altdpram:ram_rtl_0|dpram_odv1:auto_generated|lutrama4~MEMORYREGOUT
    Info (332098): From: emu:emu|system:core|sound:sound|opl3:opl|channels:channels|control_operators:control_operators|mem_multi_bank:am_vib_egt_ksr_mult_mem|mem_simple_dual_port_async_read:bankgen[1].mem_bank|altdpram:ram_rtl_0|dpram_odv1:auto_generated|lutrama5~CLKMUX_0  to: emu:emu|system:core|sound:sound|opl3:opl|channels:channels|control_operators:control_operators|mem_multi_bank:am_vib_egt_ksr_mult_mem|mem_simple_dual_port_async_read:bankgen[1].mem_bank|altdpram:ram_rtl_0|dpram_odv1:auto_generated|lutrama5~MEMORYREGOUT
    Info (332098): From: emu:emu|system:core|sound:sound|opl3:opl|channels:channels|control_operators:control_operators|mem_multi_bank:am_vib_egt_ksr_mult_mem|mem_simple_dual_port_async_read:bankgen[1].mem_bank|altdpram:ram_rtl_0|dpram_odv1:auto_generated|lutrama6~CLKMUX_0  to: emu:emu|system:core|sound:sound|opl3:opl|channels:channels|control_operators:control_operators|mem_multi_bank:am_vib_egt_ksr_mult_mem|mem_simple_dual_port_async_read:bankgen[1].mem_bank|altdpram:ram_rtl_0|dpram_odv1:auto_generated|lutrama6~MEMORYREGOUT
    Info (332098): From: emu:emu|system:core|sound:sound|opl3:opl|channels:channels|control_operators:control_operators|mem_multi_bank:am_vib_egt_ksr_mult_mem|mem_simple_dual_port_async_read:bankgen[1].mem_bank|altdpram:ram_rtl_0|dpram_odv1:auto_generated|lutrama7~CLKMUX_0  to: emu:emu|system:core|sound:sound|opl3:opl|channels:channels|control_operators:control_operators|mem_multi_bank:am_vib_egt_ksr_mult_mem|mem_simple_dual_port_async_read:bankgen[1].mem_bank|altdpram:ram_rtl_0|dpram_odv1:auto_generated|lutrama7~MEMORYREGOUT
    Info (332098): From: emu:emu|system:core|sound:sound|opl3:opl|channels:channels|control_operators:control_operators|mem_multi_bank:ar_dr_mem|mem_simple_dual_port_async_read:bankgen[0].mem_bank|altdpram:ram_rtl_0|dpram_odv1:auto_generated|lutrama0~CLKMUX_0  to: emu:emu|system:core|sound:sound|opl3:opl|channels:channels|control_operators:control_operators|mem_multi_bank:ar_dr_mem|mem_simple_dual_port_async_read:bankgen[0].mem_bank|altdpram:ram_rtl_0|dpram_odv1:auto_generated|lutrama0~MEMORYREGOUT
    Info (332098): From: emu:emu|system:core|sound:sound|opl3:opl|channels:channels|control_operators:control_operators|mem_multi_bank:ar_dr_mem|mem_simple_dual_port_async_read:bankgen[0].mem_bank|altdpram:ram_rtl_0|dpram_odv1:auto_generated|lutrama1~CLKMUX_0  to: emu:emu|system:core|sound:sound|opl3:opl|channels:channels|control_operators:control_operators|mem_multi_bank:ar_dr_mem|mem_simple_dual_port_async_read:bankgen[0].mem_bank|altdpram:ram_rtl_0|dpram_odv1:auto_generated|lutrama1~MEMORYREGOUT
    Info (332098): From: emu:emu|system:core|sound:sound|opl3:opl|channels:channels|control_operators:control_operators|mem_multi_bank:ar_dr_mem|mem_simple_dual_port_async_read:bankgen[0].mem_bank|altdpram:ram_rtl_0|dpram_odv1:auto_generated|lutrama2~CLKMUX_0  to: emu:emu|system:core|sound:sound|opl3:opl|channels:channels|control_operators:control_operators|mem_multi_bank:ar_dr_mem|mem_simple_dual_port_async_read:bankgen[0].mem_bank|altdpram:ram_rtl_0|dpram_odv1:auto_generated|lutrama2~MEMORYREGOUT
    Info (332098): From: emu:emu|system:core|sound:sound|opl3:opl|channels:channels|control_operators:control_operators|mem_multi_bank:ar_dr_mem|mem_simple_dual_port_async_read:bankgen[0].mem_bank|altdpram:ram_rtl_0|dpram_odv1:auto_generated|lutrama3~CLKMUX_0  to: emu:emu|system:core|sound:sound|opl3:opl|channels:channels|control_operators:control_operators|mem_multi_bank:ar_dr_mem|mem_simple_dual_port_async_read:bankgen[0].mem_bank|altdpram:ram_rtl_0|dpram_odv1:auto_generated|lutrama3~MEMORYREGOUT
    Info (332098): From: emu:emu|system:core|sound:sound|opl3:opl|channels:channels|control_operators:control_operators|mem_multi_bank:ar_dr_mem|mem_simple_dual_port_async_read:bankgen[0].mem_bank|altdpram:ram_rtl_0|dpram_odv1:auto_generated|lutrama4~CLKMUX_0  to: emu:emu|system:core|sound:sound|opl3:opl|channels:channels|control_operators:control_operators|mem_multi_bank:ar_dr_mem|mem_simple_dual_port_async_read:bankgen[0].mem_bank|altdpram:ram_rtl_0|dpram_odv1:auto_generated|lutrama4~MEMORYREGOUT
    Info (332098): From: emu:emu|system:core|sound:sound|opl3:opl|channels:channels|control_operators:control_operators|mem_multi_bank:ar_dr_mem|mem_simple_dual_port_async_read:bankgen[0].mem_bank|altdpram:ram_rtl_0|dpram_odv1:auto_generated|lutrama5~CLKMUX_0  to: emu:emu|system:core|sound:sound|opl3:opl|channels:channels|control_operators:control_operators|mem_multi_bank:ar_dr_mem|mem_simple_dual_port_async_read:bankgen[0].mem_bank|altdpram:ram_rtl_0|dpram_odv1:auto_generated|lutrama5~MEMORYREGOUT
    Info (332098): From: emu:emu|system:core|sound:sound|opl3:opl|channels:channels|control_operators:control_operators|mem_multi_bank:ar_dr_mem|mem_simple_dual_port_async_read:bankgen[0].mem_bank|altdpram:ram_rtl_0|dpram_odv1:auto_generated|lutrama6~CLKMUX_0  to: emu:emu|system:core|sound:sound|opl3:opl|channels:channels|control_operators:control_operators|mem_multi_bank:ar_dr_mem|mem_simple_dual_port_async_read:bankgen[0].mem_bank|altdpram:ram_rtl_0|dpram_odv1:auto_generated|lutrama6~MEMORYREGOUT
    Info (332098): From: emu:emu|system:core|sound:sound|opl3:opl|channels:channels|control_operators:control_operators|mem_multi_bank:ar_dr_mem|mem_simple_dual_port_async_read:bankgen[0].mem_bank|altdpram:ram_rtl_0|dpram_odv1:auto_generated|lutrama7~CLKMUX_0  to: emu:emu|system:core|sound:sound|opl3:opl|channels:channels|control_operators:control_operators|mem_multi_bank:ar_dr_mem|mem_simple_dual_port_async_read:bankgen[0].mem_bank|altdpram:ram_rtl_0|dpram_odv1:auto_generated|lutrama7~MEMORYREGOUT
    Info (332098): From: emu:emu|system:core|sound:sound|opl3:opl|channels:channels|control_operators:control_operators|mem_multi_bank:ar_dr_mem|mem_simple_dual_port_async_read:bankgen[1].mem_bank|altdpram:ram_rtl_0|dpram_odv1:auto_generated|lutrama0~CLKMUX_0  to: emu:emu|system:core|sound:sound|opl3:opl|channels:channels|control_operators:control_operators|mem_multi_bank:ar_dr_mem|mem_simple_dual_port_async_read:bankgen[1].mem_bank|altdpram:ram_rtl_0|dpram_odv1:auto_generated|lutrama0~MEMORYREGOUT
    Info (332098): From: emu:emu|system:core|sound:sound|opl3:opl|channels:channels|control_operators:control_operators|mem_multi_bank:ar_dr_mem|mem_simple_dual_port_async_read:bankgen[1].mem_bank|altdpram:ram_rtl_0|dpram_odv1:auto_generated|lutrama1~CLKMUX_0  to: emu:emu|system:core|sound:sound|opl3:opl|channels:channels|control_operators:control_operators|mem_multi_bank:ar_dr_mem|mem_simple_dual_port_async_read:bankgen[1].mem_bank|altdpram:ram_rtl_0|dpram_odv1:auto_generated|lutrama1~MEMORYREGOUT
    Info (332098): From: emu:emu|system:core|sound:sound|opl3:opl|channels:channels|control_operators:control_operators|mem_multi_bank:ar_dr_mem|mem_simple_dual_port_async_read:bankgen[1].mem_bank|altdpram:ram_rtl_0|dpram_odv1:auto_generated|lutrama2~CLKMUX_0  to: emu:emu|system:core|sound:sound|opl3:opl|channels:channels|control_operators:control_operators|mem_multi_bank:ar_dr_mem|mem_simple_dual_port_async_read:bankgen[1].mem_bank|altdpram:ram_rtl_0|dpram_odv1:auto_generated|lutrama2~MEMORYREGOUT
    Info (332098): From: emu:emu|system:core|sound:sound|opl3:opl|channels:channels|control_operators:control_operators|mem_multi_bank:ar_dr_mem|mem_simple_dual_port_async_read:bankgen[1].mem_bank|altdpram:ram_rtl_0|dpram_odv1:auto_generated|lutrama3~CLKMUX_0  to: emu:emu|system:core|sound:sound|opl3:opl|channels:channels|control_operators:control_operators|mem_multi_bank:ar_dr_mem|mem_simple_dual_port_async_read:bankgen[1].mem_bank|altdpram:ram_rtl_0|dpram_odv1:auto_generated|lutrama3~MEMORYREGOUT
    Info (332098): From: emu:emu|system:core|sound:sound|opl3:opl|channels:channels|control_operators:control_operators|mem_multi_bank:ar_dr_mem|mem_simple_dual_port_async_read:bankgen[1].mem_bank|altdpram:ram_rtl_0|dpram_odv1:auto_generated|lutrama4~CLKMUX_0  to: emu:emu|system:core|sound:sound|opl3:opl|channels:channels|control_operators:control_operators|mem_multi_bank:ar_dr_mem|mem_simple_dual_port_async_read:bankgen[1].mem_bank|altdpram:ram_rtl_0|dpram_odv1:auto_generated|lutrama4~MEMORYREGOUT
    Info (332098): From: emu:emu|system:core|sound:sound|opl3:opl|channels:channels|control_operators:control_operators|mem_multi_bank:ar_dr_mem|mem_simple_dual_port_async_read:bankgen[1].mem_bank|altdpram:ram_rtl_0|dpram_odv1:auto_generated|lutrama5~CLKMUX_0  to: emu:emu|system:core|sound:sound|opl3:opl|channels:channels|control_operators:control_operators|mem_multi_bank:ar_dr_mem|mem_simple_dual_port_async_read:bankgen[1].mem_bank|altdpram:ram_rtl_0|dpram_odv1:auto_generated|lutrama5~MEMORYREGOUT
    Info (332098): From: emu:emu|system:core|sound:sound|opl3:opl|channels:channels|control_operators:control_operators|mem_multi_bank:ar_dr_mem|mem_simple_dual_port_async_read:bankgen[1].mem_bank|altdpram:ram_rtl_0|dpram_odv1:auto_generated|lutrama6~CLKMUX_0  to: emu:emu|system:core|sound:sound|opl3:opl|channels:channels|control_operators:control_operators|mem_multi_bank:ar_dr_mem|mem_simple_dual_port_async_read:bankgen[1].mem_bank|altdpram:ram_rtl_0|dpram_odv1:auto_generated|lutrama6~MEMORYREGOUT
    Info (332098): From: emu:emu|system:core|sound:sound|opl3:opl|channels:channels|control_operators:control_operators|mem_multi_bank:ar_dr_mem|mem_simple_dual_port_async_read:bankgen[1].mem_bank|altdpram:ram_rtl_0|dpram_odv1:auto_generated|lutrama7~CLKMUX_0  to: emu:emu|system:core|sound:sound|opl3:opl|channels:channels|control_operators:control_operators|mem_multi_bank:ar_dr_mem|mem_simple_dual_port_async_read:bankgen[1].mem_bank|altdpram:ram_rtl_0|dpram_odv1:auto_generated|lutrama7~MEMORYREGOUT
    Info (332098): From: emu:emu|system:core|sound:sound|opl3:opl|channels:channels|control_operators:control_operators|mem_multi_bank:block_fnum_high_mem|mem_simple_dual_port_async_read:bankgen[0].mem_bank|altdpram:ram_rtl_0|dpram_sgv1:auto_generated|lutrama0~CLKMUX_0  to: emu:emu|system:core|sound:sound|opl3:opl|channels:channels|control_operators:control_operators|mem_multi_bank:block_fnum_high_mem|mem_simple_dual_port_async_read:bankgen[0].mem_bank|altdpram:ram_rtl_0|dpram_sgv1:auto_generated|lutrama0~MEMORYREGOUT
    Info (332098): From: emu:emu|system:core|sound:sound|opl3:opl|channels:channels|control_operators:control_operators|mem_multi_bank:block_fnum_high_mem|mem_simple_dual_port_async_read:bankgen[0].mem_bank|altdpram:ram_rtl_0|dpram_sgv1:auto_generated|lutrama1~CLKMUX_0  to: emu:emu|system:core|sound:sound|opl3:opl|channels:channels|control_operators:control_operators|mem_multi_bank:block_fnum_high_mem|mem_simple_dual_port_async_read:bankgen[0].mem_bank|altdpram:ram_rtl_0|dpram_sgv1:auto_generated|lutrama1~MEMORYREGOUT
    Info (332098): From: emu:emu|system:core|sound:sound|opl3:opl|channels:channels|control_operators:control_operators|mem_multi_bank:block_fnum_high_mem|mem_simple_dual_port_async_read:bankgen[0].mem_bank|altdpram:ram_rtl_0|dpram_sgv1:auto_generated|lutrama2~CLKMUX_0  to: emu:emu|system:core|sound:sound|opl3:opl|channels:channels|control_operators:control_operators|mem_multi_bank:block_fnum_high_mem|mem_simple_dual_port_async_read:bankgen[0].mem_bank|altdpram:ram_rtl_0|dpram_sgv1:auto_generated|lutrama2~MEMORYREGOUT
    Info (332098): From: emu:emu|system:core|sound:sound|opl3:opl|channels:channels|control_operators:control_operators|mem_multi_bank:block_fnum_high_mem|mem_simple_dual_port_async_read:bankgen[0].mem_bank|altdpram:ram_rtl_0|dpram_sgv1:auto_generated|lutrama3~CLKMUX_0  to: emu:emu|system:core|sound:sound|opl3:opl|channels:channels|control_operators:control_operators|mem_multi_bank:block_fnum_high_mem|mem_simple_dual_port_async_read:bankgen[0].mem_bank|altdpram:ram_rtl_0|dpram_sgv1:auto_generated|lutrama3~MEMORYREGOUT
    Info (332098): From: emu:emu|system:core|sound:sound|opl3:opl|channels:channels|control_operators:control_operators|mem_multi_bank:block_fnum_high_mem|mem_simple_dual_port_async_read:bankgen[0].mem_bank|altdpram:ram_rtl_0|dpram_sgv1:auto_generated|lutrama4~CLKMUX_0  to: emu:emu|system:core|sound:sound|opl3:opl|channels:channels|control_operators:control_operators|mem_multi_bank:block_fnum_high_mem|mem_simple_dual_port_async_read:bankgen[0].mem_bank|altdpram:ram_rtl_0|dpram_sgv1:auto_generated|lutrama4~MEMORYREGOUT
    Info (332098): From: emu:emu|system:core|sound:sound|opl3:opl|channels:channels|control_operators:control_operators|mem_multi_bank:block_fnum_high_mem|mem_simple_dual_port_async_read:bankgen[1].mem_bank|altdpram:ram_rtl_0|dpram_sgv1:auto_generated|lutrama0~CLKMUX_0  to: emu:emu|system:core|sound:sound|opl3:opl|channels:channels|control_operators:control_operators|mem_multi_bank:block_fnum_high_mem|mem_simple_dual_port_async_read:bankgen[1].mem_bank|altdpram:ram_rtl_0|dpram_sgv1:auto_generated|lutrama0~MEMORYREGOUT
    Info (332098): From: emu:emu|system:core|sound:sound|opl3:opl|channels:channels|control_operators:control_operators|mem_multi_bank:block_fnum_high_mem|mem_simple_dual_port_async_read:bankgen[1].mem_bank|altdpram:ram_rtl_0|dpram_sgv1:auto_generated|lutrama1~CLKMUX_0  to: emu:emu|system:core|sound:sound|opl3:opl|channels:channels|control_operators:control_operators|mem_multi_bank:block_fnum_high_mem|mem_simple_dual_port_async_read:bankgen[1].mem_bank|altdpram:ram_rtl_0|dpram_sgv1:auto_generated|lutrama1~MEMORYREGOUT
    Info (332098): From: emu:emu|system:core|sound:sound|opl3:opl|channels:channels|control_operators:control_operators|mem_multi_bank:block_fnum_high_mem|mem_simple_dual_port_async_read:bankgen[1].mem_bank|altdpram:ram_rtl_0|dpram_sgv1:auto_generated|lutrama2~CLKMUX_0  to: emu:emu|system:core|sound:sound|opl3:opl|channels:channels|control_operators:control_operators|mem_multi_bank:block_fnum_high_mem|mem_simple_dual_port_async_read:bankgen[1].mem_bank|altdpram:ram_rtl_0|dpram_sgv1:auto_generated|lutrama2~MEMORYREGOUT
    Info (332098): From: emu:emu|system:core|sound:sound|opl3:opl|channels:channels|control_operators:control_operators|mem_multi_bank:block_fnum_high_mem|mem_simple_dual_port_async_read:bankgen[1].mem_bank|altdpram:ram_rtl_0|dpram_sgv1:auto_generated|lutrama3~CLKMUX_0  to: emu:emu|system:core|sound:sound|opl3:opl|channels:channels|control_operators:control_operators|mem_multi_bank:block_fnum_high_mem|mem_simple_dual_port_async_read:bankgen[1].mem_bank|altdpram:ram_rtl_0|dpram_sgv1:auto_generated|lutrama3~MEMORYREGOUT
    Info (332098): From: emu:emu|system:core|sound:sound|opl3:opl|channels:channels|control_operators:control_operators|mem_multi_bank:block_fnum_high_mem|mem_simple_dual_port_async_read:bankgen[1].mem_bank|altdpram:ram_rtl_0|dpram_sgv1:auto_generated|lutrama4~CLKMUX_0  to: emu:emu|system:core|sound:sound|opl3:opl|channels:channels|control_operators:control_operators|mem_multi_bank:block_fnum_high_mem|mem_simple_dual_port_async_read:bankgen[1].mem_bank|altdpram:ram_rtl_0|dpram_sgv1:auto_generated|lutrama4~MEMORYREGOUT
    Info (332098): From: emu:emu|system:core|sound:sound|opl3:opl|channels:channels|control_operators:control_operators|mem_multi_bank:fnum_low_mem|mem_simple_dual_port_async_read:bankgen[0].mem_bank|altdpram:ram_rtl_0|dpram_hfv1:auto_generated|lutrama0~CLKMUX_0  to: emu:emu|system:core|sound:sound|opl3:opl|channels:channels|control_operators:control_operators|mem_multi_bank:fnum_low_mem|mem_simple_dual_port_async_read:bankgen[0].mem_bank|altdpram:ram_rtl_0|dpram_hfv1:auto_generated|lutrama0~MEMORYREGOUT
    Info (332098): From: emu:emu|system:core|sound:sound|opl3:opl|channels:channels|control_operators:control_operators|mem_multi_bank:fnum_low_mem|mem_simple_dual_port_async_read:bankgen[0].mem_bank|altdpram:ram_rtl_0|dpram_hfv1:auto_generated|lutrama1~CLKMUX_0  to: emu:emu|system:core|sound:sound|opl3:opl|channels:channels|control_operators:control_operators|mem_multi_bank:fnum_low_mem|mem_simple_dual_port_async_read:bankgen[0].mem_bank|altdpram:ram_rtl_0|dpram_hfv1:auto_generated|lutrama1~MEMORYREGOUT
    Info (332098): From: emu:emu|system:core|sound:sound|opl3:opl|channels:channels|control_operators:control_operators|mem_multi_bank:fnum_low_mem|mem_simple_dual_port_async_read:bankgen[0].mem_bank|altdpram:ram_rtl_0|dpram_hfv1:auto_generated|lutrama2~CLKMUX_0  to: emu:emu|system:core|sound:sound|opl3:opl|channels:channels|control_operators:control_operators|mem_multi_bank:fnum_low_mem|mem_simple_dual_port_async_read:bankgen[0].mem_bank|altdpram:ram_rtl_0|dpram_hfv1:auto_generated|lutrama2~MEMORYREGOUT
    Info (332098): From: emu:emu|system:core|sound:sound|opl3:opl|channels:channels|control_operators:control_operators|mem_multi_bank:fnum_low_mem|mem_simple_dual_port_async_read:bankgen[0].mem_bank|altdpram:ram_rtl_0|dpram_hfv1:auto_generated|lutrama3~CLKMUX_0  to: emu:emu|system:core|sound:sound|opl3:opl|channels:channels|control_operators:control_operators|mem_multi_bank:fnum_low_mem|mem_simple_dual_port_async_read:bankgen[0].mem_bank|altdpram:ram_rtl_0|dpram_hfv1:auto_generated|lutrama3~MEMORYREGOUT
    Info (332098): From: emu:emu|system:core|sound:sound|opl3:opl|channels:channels|control_operators:control_operators|mem_multi_bank:fnum_low_mem|mem_simple_dual_port_async_read:bankgen[0].mem_bank|altdpram:ram_rtl_0|dpram_hfv1:auto_generated|lutrama4~CLKMUX_0  to: emu:emu|system:core|sound:sound|opl3:opl|channels:channels|control_operators:control_operators|mem_multi_bank:fnum_low_mem|mem_simple_dual_port_async_read:bankgen[0].mem_bank|altdpram:ram_rtl_0|dpram_hfv1:auto_generated|lutrama4~MEMORYREGOUT
    Info (332098): From: emu:emu|system:core|sound:sound|opl3:opl|channels:channels|control_operators:control_operators|mem_multi_bank:fnum_low_mem|mem_simple_dual_port_async_read:bankgen[0].mem_bank|altdpram:ram_rtl_0|dpram_hfv1:auto_generated|lutrama5~CLKMUX_0  to: emu:emu|system:core|sound:sound|opl3:opl|channels:channels|control_operators:control_operators|mem_multi_bank:fnum_low_mem|mem_simple_dual_port_async_read:bankgen[0].mem_bank|altdpram:ram_rtl_0|dpram_hfv1:auto_generated|lutrama5~MEMORYREGOUT
    Info (332098): From: emu:emu|system:core|sound:sound|opl3:opl|channels:channels|control_operators:control_operators|mem_multi_bank:fnum_low_mem|mem_simple_dual_port_async_read:bankgen[0].mem_bank|altdpram:ram_rtl_0|dpram_hfv1:auto_generated|lutrama6~CLKMUX_0  to: emu:emu|system:core|sound:sound|opl3:opl|channels:channels|control_operators:control_operators|mem_multi_bank:fnum_low_mem|mem_simple_dual_port_async_read:bankgen[0].mem_bank|altdpram:ram_rtl_0|dpram_hfv1:auto_generated|lutrama6~MEMORYREGOUT
    Info (332098): From: emu:emu|system:core|sound:sound|opl3:opl|channels:channels|control_operators:control_operators|mem_multi_bank:fnum_low_mem|mem_simple_dual_port_async_read:bankgen[0].mem_bank|altdpram:ram_rtl_0|dpram_hfv1:auto_generated|lutrama7~CLKMUX_0  to: emu:emu|system:core|sound:sound|opl3:opl|channels:channels|control_operators:control_operators|mem_multi_bank:fnum_low_mem|mem_simple_dual_port_async_read:bankgen[0].mem_bank|altdpram:ram_rtl_0|dpram_hfv1:auto_generated|lutrama7~MEMORYREGOUT
    Info (332098): From: emu:emu|system:core|sound:sound|opl3:opl|channels:channels|control_operators:control_operators|mem_multi_bank:fnum_low_mem|mem_simple_dual_port_async_read:bankgen[1].mem_bank|altdpram:ram_rtl_0|dpram_hfv1:auto_generated|lutrama0~CLKMUX_0  to: emu:emu|system:core|sound:sound|opl3:opl|channels:channels|control_operators:control_operators|mem_multi_bank:fnum_low_mem|mem_simple_dual_port_async_read:bankgen[1].mem_bank|altdpram:ram_rtl_0|dpram_hfv1:auto_generated|lutrama0~MEMORYREGOUT
    Info (332098): From: emu:emu|system:core|sound:sound|opl3:opl|channels:channels|control_operators:control_operators|mem_multi_bank:fnum_low_mem|mem_simple_dual_port_async_read:bankgen[1].mem_bank|altdpram:ram_rtl_0|dpram_hfv1:auto_generated|lutrama1~CLKMUX_0  to: emu:emu|system:core|sound:sound|opl3:opl|channels:channels|control_operators:control_operators|mem_multi_bank:fnum_low_mem|mem_simple_dual_port_async_read:bankgen[1].mem_bank|altdpram:ram_rtl_0|dpram_hfv1:auto_generated|lutrama1~MEMORYREGOUT
    Info (332098): From: emu:emu|system:core|sound:sound|opl3:opl|channels:channels|control_operators:control_operators|mem_multi_bank:fnum_low_mem|mem_simple_dual_port_async_read:bankgen[1].mem_bank|altdpram:ram_rtl_0|dpram_hfv1:auto_generated|lutrama2~CLKMUX_0  to: emu:emu|system:core|sound:sound|opl3:opl|channels:channels|control_operators:control_operators|mem_multi_bank:fnum_low_mem|mem_simple_dual_port_async_read:bankgen[1].mem_bank|altdpram:ram_rtl_0|dpram_hfv1:auto_generated|lutrama2~MEMORYREGOUT
    Info (332098): From: emu:emu|system:core|sound:sound|opl3:opl|channels:channels|control_operators:control_operators|mem_multi_bank:fnum_low_mem|mem_simple_dual_port_async_read:bankgen[1].mem_bank|altdpram:ram_rtl_0|dpram_hfv1:auto_generated|lutrama3~CLKMUX_0  to: emu:emu|system:core|sound:sound|opl3:opl|channels:channels|control_operators:control_operators|mem_multi_bank:fnum_low_mem|mem_simple_dual_port_async_read:bankgen[1].mem_bank|altdpram:ram_rtl_0|dpram_hfv1:auto_generated|lutrama3~MEMORYREGOUT
    Info (332098): From: emu:emu|system:core|sound:sound|opl3:opl|channels:channels|control_operators:control_operators|mem_multi_bank:fnum_low_mem|mem_simple_dual_port_async_read:bankgen[1].mem_bank|altdpram:ram_rtl_0|dpram_hfv1:auto_generated|lutrama4~CLKMUX_0  to: emu:emu|system:core|sound:sound|opl3:opl|channels:channels|control_operators:control_operators|mem_multi_bank:fnum_low_mem|mem_simple_dual_port_async_read:bankgen[1].mem_bank|altdpram:ram_rtl_0|dpram_hfv1:auto_generated|lutrama4~MEMORYREGOUT
    Info (332098): From: emu:emu|system:core|sound:sound|opl3:opl|channels:channels|control_operators:control_operators|mem_multi_bank:fnum_low_mem|mem_simple_dual_port_async_read:bankgen[1].mem_bank|altdpram:ram_rtl_0|dpram_hfv1:auto_generated|lutrama5~CLKMUX_0  to: emu:emu|system:core|sound:sound|opl3:opl|channels:channels|control_operators:control_operators|mem_multi_bank:fnum_low_mem|mem_simple_dual_port_async_read:bankgen[1].mem_bank|altdpram:ram_rtl_0|dpram_hfv1:auto_generated|lutrama5~MEMORYREGOUT
    Info (332098): From: emu:emu|system:core|sound:sound|opl3:opl|channels:channels|control_operators:control_operators|mem_multi_bank:fnum_low_mem|mem_simple_dual_port_async_read:bankgen[1].mem_bank|altdpram:ram_rtl_0|dpram_hfv1:auto_generated|lutrama6~CLKMUX_0  to: emu:emu|system:core|sound:sound|opl3:opl|channels:channels|control_operators:control_operators|mem_multi_bank:fnum_low_mem|mem_simple_dual_port_async_read:bankgen[1].mem_bank|altdpram:ram_rtl_0|dpram_hfv1:auto_generated|lutrama6~MEMORYREGOUT
    Info (332098): From: emu:emu|system:core|sound:sound|opl3:opl|channels:channels|control_operators:control_operators|mem_multi_bank:fnum_low_mem|mem_simple_dual_port_async_read:bankgen[1].mem_bank|altdpram:ram_rtl_0|dpram_hfv1:auto_generated|lutrama7~CLKMUX_0  to: emu:emu|system:core|sound:sound|opl3:opl|channels:channels|control_operators:control_operators|mem_multi_bank:fnum_low_mem|mem_simple_dual_port_async_read:bankgen[1].mem_bank|altdpram:ram_rtl_0|dpram_hfv1:auto_generated|lutrama7~MEMORYREGOUT
    Info (332098): From: emu:emu|system:core|sound:sound|opl3:opl|channels:channels|control_operators:control_operators|mem_multi_bank:ksl_tl_mem|mem_simple_dual_port_async_read:bankgen[0].mem_bank|altdpram:ram_rtl_0|dpram_odv1:auto_generated|lutrama0~CLKMUX_0  to: emu:emu|system:core|sound:sound|opl3:opl|channels:channels|control_operators:control_operators|mem_multi_bank:ksl_tl_mem|mem_simple_dual_port_async_read:bankgen[0].mem_bank|altdpram:ram_rtl_0|dpram_odv1:auto_generated|lutrama0~MEMORYREGOUT
    Info (332098): From: emu:emu|system:core|sound:sound|opl3:opl|channels:channels|control_operators:control_operators|mem_multi_bank:ksl_tl_mem|mem_simple_dual_port_async_read:bankgen[0].mem_bank|altdpram:ram_rtl_0|dpram_odv1:auto_generated|lutrama1~CLKMUX_0  to: emu:emu|system:core|sound:sound|opl3:opl|channels:channels|control_operators:control_operators|mem_multi_bank:ksl_tl_mem|mem_simple_dual_port_async_read:bankgen[0].mem_bank|altdpram:ram_rtl_0|dpram_odv1:auto_generated|lutrama1~MEMORYREGOUT
    Info (332098): From: emu:emu|system:core|sound:sound|opl3:opl|channels:channels|control_operators:control_operators|mem_multi_bank:ksl_tl_mem|mem_simple_dual_port_async_read:bankgen[0].mem_bank|altdpram:ram_rtl_0|dpram_odv1:auto_generated|lutrama2~CLKMUX_0  to: emu:emu|system:core|sound:sound|opl3:opl|channels:channels|control_operators:control_operators|mem_multi_bank:ksl_tl_mem|mem_simple_dual_port_async_read:bankgen[0].mem_bank|altdpram:ram_rtl_0|dpram_odv1:auto_generated|lutrama2~MEMORYREGOUT
    Info (332098): From: emu:emu|system:core|sound:sound|opl3:opl|channels:channels|control_operators:control_operators|mem_multi_bank:ksl_tl_mem|mem_simple_dual_port_async_read:bankgen[0].mem_bank|altdpram:ram_rtl_0|dpram_odv1:auto_generated|lutrama3~CLKMUX_0  to: emu:emu|system:core|sound:sound|opl3:opl|channels:channels|control_operators:control_operators|mem_multi_bank:ksl_tl_mem|mem_simple_dual_port_async_read:bankgen[0].mem_bank|altdpram:ram_rtl_0|dpram_odv1:auto_generated|lutrama3~MEMORYREGOUT
    Info (332098): From: emu:emu|system:core|sound:sound|opl3:opl|channels:channels|control_operators:control_operators|mem_multi_bank:ksl_tl_mem|mem_simple_dual_port_async_read:bankgen[0].mem_bank|altdpram:ram_rtl_0|dpram_odv1:auto_generated|lutrama4~CLKMUX_0  to: emu:emu|system:core|sound:sound|opl3:opl|channels:channels|control_operators:control_operators|mem_multi_bank:ksl_tl_mem|mem_simple_dual_port_async_read:bankgen[0].mem_bank|altdpram:ram_rtl_0|dpram_odv1:auto_generated|lutrama4~MEMORYREGOUT
    Info (332098): From: emu:emu|system:core|sound:sound|opl3:opl|channels:channels|control_operators:control_operators|mem_multi_bank:ksl_tl_mem|mem_simple_dual_port_async_read:bankgen[0].mem_bank|altdpram:ram_rtl_0|dpram_odv1:auto_generated|lutrama5~CLKMUX_0  to: emu:emu|system:core|sound:sound|opl3:opl|channels:channels|control_operators:control_operators|mem_multi_bank:ksl_tl_mem|mem_simple_dual_port_async_read:bankgen[0].mem_bank|altdpram:ram_rtl_0|dpram_odv1:auto_generated|lutrama5~MEMORYREGOUT
    Info (332098): From: emu:emu|system:core|sound:sound|opl3:opl|channels:channels|control_operators:control_operators|mem_multi_bank:ksl_tl_mem|mem_simple_dual_port_async_read:bankgen[0].mem_bank|altdpram:ram_rtl_0|dpram_odv1:auto_generated|lutrama6~CLKMUX_0  to: emu:emu|system:core|sound:sound|opl3:opl|channels:channels|control_operators:control_operators|mem_multi_bank:ksl_tl_mem|mem_simple_dual_port_async_read:bankgen[0].mem_bank|altdpram:ram_rtl_0|dpram_odv1:auto_generated|lutrama6~MEMORYREGOUT
    Info (332098): From: emu:emu|system:core|sound:sound|opl3:opl|channels:channels|control_operators:control_operators|mem_multi_bank:ksl_tl_mem|mem_simple_dual_port_async_read:bankgen[0].mem_bank|altdpram:ram_rtl_0|dpram_odv1:auto_generated|lutrama7~CLKMUX_0  to: emu:emu|system:core|sound:sound|opl3:opl|channels:channels|control_operators:control_operators|mem_multi_bank:ksl_tl_mem|mem_simple_dual_port_async_read:bankgen[0].mem_bank|altdpram:ram_rtl_0|dpram_odv1:auto_generated|lutrama7~MEMORYREGOUT
    Info (332098): From: emu:emu|system:core|sound:sound|opl3:opl|channels:channels|control_operators:control_operators|mem_multi_bank:ksl_tl_mem|mem_simple_dual_port_async_read:bankgen[1].mem_bank|altdpram:ram_rtl_0|dpram_odv1:auto_generated|lutrama0~CLKMUX_0  to: emu:emu|system:core|sound:sound|opl3:opl|channels:channels|control_operators:control_operators|mem_multi_bank:ksl_tl_mem|mem_simple_dual_port_async_read:bankgen[1].mem_bank|altdpram:ram_rtl_0|dpram_odv1:auto_generated|lutrama0~MEMORYREGOUT
    Info (332098): From: emu:emu|system:core|sound:sound|opl3:opl|channels:channels|control_operators:control_operators|mem_multi_bank:ksl_tl_mem|mem_simple_dual_port_async_read:bankgen[1].mem_bank|altdpram:ram_rtl_0|dpram_odv1:auto_generated|lutrama1~CLKMUX_0  to: emu:emu|system:core|sound:sound|opl3:opl|channels:channels|control_operators:control_operators|mem_multi_bank:ksl_tl_mem|mem_simple_dual_port_async_read:bankgen[1].mem_bank|altdpram:ram_rtl_0|dpram_odv1:auto_generated|lutrama1~MEMORYREGOUT
    Info (332098): From: emu:emu|system:core|sound:sound|opl3:opl|channels:channels|control_operators:control_operators|mem_multi_bank:ksl_tl_mem|mem_simple_dual_port_async_read:bankgen[1].mem_bank|altdpram:ram_rtl_0|dpram_odv1:auto_generated|lutrama2~CLKMUX_0  to: emu:emu|system:core|sound:sound|opl3:opl|channels:channels|control_operators:control_operators|mem_multi_bank:ksl_tl_mem|mem_simple_dual_port_async_read:bankgen[1].mem_bank|altdpram:ram_rtl_0|dpram_odv1:auto_generated|lutrama2~MEMORYREGOUT
    Info (332098): From: emu:emu|system:core|sound:sound|opl3:opl|channels:channels|control_operators:control_operators|mem_multi_bank:ksl_tl_mem|mem_simple_dual_port_async_read:bankgen[1].mem_bank|altdpram:ram_rtl_0|dpram_odv1:auto_generated|lutrama3~CLKMUX_0  to: emu:emu|system:core|sound:sound|opl3:opl|channels:channels|control_operators:control_operators|mem_multi_bank:ksl_tl_mem|mem_simple_dual_port_async_read:bankgen[1].mem_bank|altdpram:ram_rtl_0|dpram_odv1:auto_generated|lutrama3~MEMORYREGOUT
    Info (332098): From: emu:emu|system:core|sound:sound|opl3:opl|channels:channels|control_operators:control_operators|mem_multi_bank:ksl_tl_mem|mem_simple_dual_port_async_read:bankgen[1].mem_bank|altdpram:ram_rtl_0|dpram_odv1:auto_generated|lutrama4~CLKMUX_0  to: emu:emu|system:core|sound:sound|opl3:opl|channels:channels|control_operators:control_operators|mem_multi_bank:ksl_tl_mem|mem_simple_dual_port_async_read:bankgen[1].mem_bank|altdpram:ram_rtl_0|dpram_odv1:auto_generated|lutrama4~MEMORYREGOUT
    Info (332098): From: emu:emu|system:core|sound:sound|opl3:opl|channels:channels|control_operators:control_operators|mem_multi_bank:ksl_tl_mem|mem_simple_dual_port_async_read:bankgen[1].mem_bank|altdpram:ram_rtl_0|dpram_odv1:auto_generated|lutrama5~CLKMUX_0  to: emu:emu|system:core|sound:sound|opl3:opl|channels:channels|control_operators:control_operators|mem_multi_bank:ksl_tl_mem|mem_simple_dual_port_async_read:bankgen[1].mem_bank|altdpram:ram_rtl_0|dpram_odv1:auto_generated|lutrama5~MEMORYREGOUT
    Info (332098): From: emu:emu|system:core|sound:sound|opl3:opl|channels:channels|control_operators:control_operators|mem_multi_bank:ksl_tl_mem|mem_simple_dual_port_async_read:bankgen[1].mem_bank|altdpram:ram_rtl_0|dpram_odv1:auto_generated|lutrama6~CLKMUX_0  to: emu:emu|system:core|sound:sound|opl3:opl|channels:channels|control_operators:control_operators|mem_multi_bank:ksl_tl_mem|mem_simple_dual_port_async_read:bankgen[1].mem_bank|altdpram:ram_rtl_0|dpram_odv1:auto_generated|lutrama6~MEMORYREGOUT
    Info (332098): From: emu:emu|system:core|sound:sound|opl3:opl|channels:channels|control_operators:control_operators|mem_multi_bank:ksl_tl_mem|mem_simple_dual_port_async_read:bankgen[1].mem_bank|altdpram:ram_rtl_0|dpram_odv1:auto_generated|lutrama7~CLKMUX_0  to: emu:emu|system:core|sound:sound|opl3:opl|channels:channels|control_operators:control_operators|mem_multi_bank:ksl_tl_mem|mem_simple_dual_port_async_read:bankgen[1].mem_bank|altdpram:ram_rtl_0|dpram_odv1:auto_generated|lutrama7~MEMORYREGOUT
    Info (332098): From: emu:emu|system:core|sound:sound|opl3:opl|channels:channels|control_operators:control_operators|mem_multi_bank:sl_rr_mem|mem_simple_dual_port_async_read:bankgen[0].mem_bank|altdpram:ram_rtl_0|dpram_odv1:auto_generated|lutrama0~CLKMUX_0  to: emu:emu|system:core|sound:sound|opl3:opl|channels:channels|control_operators:control_operators|mem_multi_bank:sl_rr_mem|mem_simple_dual_port_async_read:bankgen[0].mem_bank|altdpram:ram_rtl_0|dpram_odv1:auto_generated|lutrama0~MEMORYREGOUT
    Info (332098): From: emu:emu|system:core|sound:sound|opl3:opl|channels:channels|control_operators:control_operators|mem_multi_bank:sl_rr_mem|mem_simple_dual_port_async_read:bankgen[0].mem_bank|altdpram:ram_rtl_0|dpram_odv1:auto_generated|lutrama1~CLKMUX_0  to: emu:emu|system:core|sound:sound|opl3:opl|channels:channels|control_operators:control_operators|mem_multi_bank:sl_rr_mem|mem_simple_dual_port_async_read:bankgen[0].mem_bank|altdpram:ram_rtl_0|dpram_odv1:auto_generated|lutrama1~MEMORYREGOUT
    Info (332098): From: emu:emu|system:core|sound:sound|opl3:opl|channels:channels|control_operators:control_operators|mem_multi_bank:sl_rr_mem|mem_simple_dual_port_async_read:bankgen[0].mem_bank|altdpram:ram_rtl_0|dpram_odv1:auto_generated|lutrama2~CLKMUX_0  to: emu:emu|system:core|sound:sound|opl3:opl|channels:channels|control_operators:control_operators|mem_multi_bank:sl_rr_mem|mem_simple_dual_port_async_read:bankgen[0].mem_bank|altdpram:ram_rtl_0|dpram_odv1:auto_generated|lutrama2~MEMORYREGOUT
    Info (332098): From: emu:emu|system:core|sound:sound|opl3:opl|channels:channels|control_operators:control_operators|mem_multi_bank:sl_rr_mem|mem_simple_dual_port_async_read:bankgen[0].mem_bank|altdpram:ram_rtl_0|dpram_odv1:auto_generated|lutrama3~CLKMUX_0  to: emu:emu|system:core|sound:sound|opl3:opl|channels:channels|control_operators:control_operators|mem_multi_bank:sl_rr_mem|mem_simple_dual_port_async_read:bankgen[0].mem_bank|altdpram:ram_rtl_0|dpram_odv1:auto_generated|lutrama3~MEMORYREGOUT
    Info (332098): From: emu:emu|system:core|sound:sound|opl3:opl|channels:channels|control_operators:control_operators|mem_multi_bank:sl_rr_mem|mem_simple_dual_port_async_read:bankgen[0].mem_bank|altdpram:ram_rtl_0|dpram_odv1:auto_generated|lutrama4~CLKMUX_0  to: emu:emu|system:core|sound:sound|opl3:opl|channels:channels|control_operators:control_operators|mem_multi_bank:sl_rr_mem|mem_simple_dual_port_async_read:bankgen[0].mem_bank|altdpram:ram_rtl_0|dpram_odv1:auto_generated|lutrama4~MEMORYREGOUT
    Info (332098): From: emu:emu|system:core|sound:sound|opl3:opl|channels:channels|control_operators:control_operators|mem_multi_bank:sl_rr_mem|mem_simple_dual_port_async_read:bankgen[0].mem_bank|altdpram:ram_rtl_0|dpram_odv1:auto_generated|lutrama5~CLKMUX_0  to: emu:emu|system:core|sound:sound|opl3:opl|channels:channels|control_operators:control_operators|mem_multi_bank:sl_rr_mem|mem_simple_dual_port_async_read:bankgen[0].mem_bank|altdpram:ram_rtl_0|dpram_odv1:auto_generated|lutrama5~MEMORYREGOUT
    Info (332098): From: emu:emu|system:core|sound:sound|opl3:opl|channels:channels|control_operators:control_operators|mem_multi_bank:sl_rr_mem|mem_simple_dual_port_async_read:bankgen[0].mem_bank|altdpram:ram_rtl_0|dpram_odv1:auto_generated|lutrama6~CLKMUX_0  to: emu:emu|system:core|sound:sound|opl3:opl|channels:channels|control_operators:control_operators|mem_multi_bank:sl_rr_mem|mem_simple_dual_port_async_read:bankgen[0].mem_bank|altdpram:ram_rtl_0|dpram_odv1:auto_generated|lutrama6~MEMORYREGOUT
    Info (332098): From: emu:emu|system:core|sound:sound|opl3:opl|channels:channels|control_operators:control_operators|mem_multi_bank:sl_rr_mem|mem_simple_dual_port_async_read:bankgen[0].mem_bank|altdpram:ram_rtl_0|dpram_odv1:auto_generated|lutrama7~CLKMUX_0  to: emu:emu|system:core|sound:sound|opl3:opl|channels:channels|control_operators:control_operators|mem_multi_bank:sl_rr_mem|mem_simple_dual_port_async_read:bankgen[0].mem_bank|altdpram:ram_rtl_0|dpram_odv1:auto_generated|lutrama7~MEMORYREGOUT
    Info (332098): From: emu:emu|system:core|sound:sound|opl3:opl|channels:channels|control_operators:control_operators|mem_multi_bank:sl_rr_mem|mem_simple_dual_port_async_read:bankgen[1].mem_bank|altdpram:ram_rtl_0|dpram_odv1:auto_generated|lutrama0~CLKMUX_0  to: emu:emu|system:core|sound:sound|opl3:opl|channels:channels|control_operators:control_operators|mem_multi_bank:sl_rr_mem|mem_simple_dual_port_async_read:bankgen[1].mem_bank|altdpram:ram_rtl_0|dpram_odv1:auto_generated|lutrama0~MEMORYREGOUT
    Info (332098): From: emu:emu|system:core|sound:sound|opl3:opl|channels:channels|control_operators:control_operators|mem_multi_bank:sl_rr_mem|mem_simple_dual_port_async_read:bankgen[1].mem_bank|altdpram:ram_rtl_0|dpram_odv1:auto_generated|lutrama1~CLKMUX_0  to: emu:emu|system:core|sound:sound|opl3:opl|channels:channels|control_operators:control_operators|mem_multi_bank:sl_rr_mem|mem_simple_dual_port_async_read:bankgen[1].mem_bank|altdpram:ram_rtl_0|dpram_odv1:auto_generated|lutrama1~MEMORYREGOUT
    Info (332098): From: emu:emu|system:core|sound:sound|opl3:opl|channels:channels|control_operators:control_operators|mem_multi_bank:sl_rr_mem|mem_simple_dual_port_async_read:bankgen[1].mem_bank|altdpram:ram_rtl_0|dpram_odv1:auto_generated|lutrama2~CLKMUX_0  to: emu:emu|system:core|sound:sound|opl3:opl|channels:channels|control_operators:control_operators|mem_multi_bank:sl_rr_mem|mem_simple_dual_port_async_read:bankgen[1].mem_bank|altdpram:ram_rtl_0|dpram_odv1:auto_generated|lutrama2~MEMORYREGOUT
    Info (332098): From: emu:emu|system:core|sound:sound|opl3:opl|channels:channels|control_operators:control_operators|mem_multi_bank:sl_rr_mem|mem_simple_dual_port_async_read:bankgen[1].mem_bank|altdpram:ram_rtl_0|dpram_odv1:auto_generated|lutrama3~CLKMUX_0  to: emu:emu|system:core|sound:sound|opl3:opl|channels:channels|control_operators:control_operators|mem_multi_bank:sl_rr_mem|mem_simple_dual_port_async_read:bankgen[1].mem_bank|altdpram:ram_rtl_0|dpram_odv1:auto_generated|lutrama3~MEMORYREGOUT
    Info (332098): From: emu:emu|system:core|sound:sound|opl3:opl|channels:channels|control_operators:control_operators|mem_multi_bank:sl_rr_mem|mem_simple_dual_port_async_read:bankgen[1].mem_bank|altdpram:ram_rtl_0|dpram_odv1:auto_generated|lutrama4~CLKMUX_0  to: emu:emu|system:core|sound:sound|opl3:opl|channels:channels|control_operators:control_operators|mem_multi_bank:sl_rr_mem|mem_simple_dual_port_async_read:bankgen[1].mem_bank|altdpram:ram_rtl_0|dpram_odv1:auto_generated|lutrama4~MEMORYREGOUT
    Info (332098): From: emu:emu|system:core|sound:sound|opl3:opl|channels:channels|control_operators:control_operators|mem_multi_bank:sl_rr_mem|mem_simple_dual_port_async_read:bankgen[1].mem_bank|altdpram:ram_rtl_0|dpram_odv1:auto_generated|lutrama5~CLKMUX_0  to: emu:emu|system:core|sound:sound|opl3:opl|channels:channels|control_operators:control_operators|mem_multi_bank:sl_rr_mem|mem_simple_dual_port_async_read:bankgen[1].mem_bank|altdpram:ram_rtl_0|dpram_odv1:auto_generated|lutrama5~MEMORYREGOUT
    Info (332098): From: emu:emu|system:core|sound:sound|opl3:opl|channels:channels|control_operators:control_operators|mem_multi_bank:sl_rr_mem|mem_simple_dual_port_async_read:bankgen[1].mem_bank|altdpram:ram_rtl_0|dpram_odv1:auto_generated|lutrama6~CLKMUX_0  to: emu:emu|system:core|sound:sound|opl3:opl|channels:channels|control_operators:control_operators|mem_multi_bank:sl_rr_mem|mem_simple_dual_port_async_read:bankgen[1].mem_bank|altdpram:ram_rtl_0|dpram_odv1:auto_generated|lutrama6~MEMORYREGOUT
    Info (332098): From: emu:emu|system:core|sound:sound|opl3:opl|channels:channels|control_operators:control_operators|mem_multi_bank:sl_rr_mem|mem_simple_dual_port_async_read:bankgen[1].mem_bank|altdpram:ram_rtl_0|dpram_odv1:auto_generated|lutrama7~CLKMUX_0  to: emu:emu|system:core|sound:sound|opl3:opl|channels:channels|control_operators:control_operators|mem_multi_bank:sl_rr_mem|mem_simple_dual_port_async_read:bankgen[1].mem_bank|altdpram:ram_rtl_0|dpram_odv1:auto_generated|lutrama7~MEMORYREGOUT
    Info (332098): From: emu:emu|system:core|sound:sound|opl3:opl|channels:channels|control_operators:control_operators|mem_multi_bank:ws_mem|mem_simple_dual_port_async_read:bankgen[0].mem_bank|altdpram:ram_rtl_0|dpram_3iv1:auto_generated|lutrama0~CLKMUX_0  to: emu:emu|system:core|sound:sound|opl3:opl|channels:channels|control_operators:control_operators|mem_multi_bank:ws_mem|mem_simple_dual_port_async_read:bankgen[0].mem_bank|altdpram:ram_rtl_0|dpram_3iv1:auto_generated|lutrama0~MEMORYREGOUT
    Info (332098): From: emu:emu|system:core|sound:sound|opl3:opl|channels:channels|control_operators:control_operators|mem_multi_bank:ws_mem|mem_simple_dual_port_async_read:bankgen[0].mem_bank|altdpram:ram_rtl_0|dpram_3iv1:auto_generated|lutrama1~CLKMUX_0  to: emu:emu|system:core|sound:sound|opl3:opl|channels:channels|control_operators:control_operators|mem_multi_bank:ws_mem|mem_simple_dual_port_async_read:bankgen[0].mem_bank|altdpram:ram_rtl_0|dpram_3iv1:auto_generated|lutrama1~MEMORYREGOUT
    Info (332098): From: emu:emu|system:core|sound:sound|opl3:opl|channels:channels|control_operators:control_operators|mem_multi_bank:ws_mem|mem_simple_dual_port_async_read:bankgen[0].mem_bank|altdpram:ram_rtl_0|dpram_3iv1:auto_generated|lutrama2~CLKMUX_0  to: emu:emu|system:core|sound:sound|opl3:opl|channels:channels|control_operators:control_operators|mem_multi_bank:ws_mem|mem_simple_dual_port_async_read:bankgen[0].mem_bank|altdpram:ram_rtl_0|dpram_3iv1:auto_generated|lutrama2~MEMORYREGOUT
    Info (332098): From: emu:emu|system:core|sound:sound|opl3:opl|channels:channels|control_operators:control_operators|mem_multi_bank:ws_mem|mem_simple_dual_port_async_read:bankgen[1].mem_bank|altdpram:ram_rtl_0|dpram_3iv1:auto_generated|lutrama0~CLKMUX_0  to: emu:emu|system:core|sound:sound|opl3:opl|channels:channels|control_operators:control_operators|mem_multi_bank:ws_mem|mem_simple_dual_port_async_read:bankgen[1].mem_bank|altdpram:ram_rtl_0|dpram_3iv1:auto_generated|lutrama0~MEMORYREGOUT
    Info (332098): From: emu:emu|system:core|sound:sound|opl3:opl|channels:channels|control_operators:control_operators|mem_multi_bank:ws_mem|mem_simple_dual_port_async_read:bankgen[1].mem_bank|altdpram:ram_rtl_0|dpram_3iv1:auto_generated|lutrama1~CLKMUX_0  to: emu:emu|system:core|sound:sound|opl3:opl|channels:channels|control_operators:control_operators|mem_multi_bank:ws_mem|mem_simple_dual_port_async_read:bankgen[1].mem_bank|altdpram:ram_rtl_0|dpram_3iv1:auto_generated|lutrama1~MEMORYREGOUT
    Info (332098): From: emu:emu|system:core|sound:sound|opl3:opl|channels:channels|control_operators:control_operators|mem_multi_bank:ws_mem|mem_simple_dual_port_async_read:bankgen[1].mem_bank|altdpram:ram_rtl_0|dpram_3iv1:auto_generated|lutrama2~CLKMUX_0  to: emu:emu|system:core|sound:sound|opl3:opl|channels:channels|control_operators:control_operators|mem_multi_bank:ws_mem|mem_simple_dual_port_async_read:bankgen[1].mem_bank|altdpram:ram_rtl_0|dpram_3iv1:auto_generated|lutrama2~MEMORYREGOUT
    Info (332098): From: emu:emu|system:core|sound:sound|opl3:opl|channels:channels|control_operators:control_operators|mem_multi_bank_reset:kon_mem|mem_simple_dual_port_async_read:bankgen[0].mem_bank|altdpram:ram_rtl_0|dpram_ldv1:auto_generated|lutrama0~CLKMUX_0  to: emu:emu|system:core|sound:sound|opl3:opl|channels:channels|control_operators:control_operators|mem_multi_bank_reset:kon_mem|mem_simple_dual_port_async_read:bankgen[0].mem_bank|altdpram:ram_rtl_0|dpram_ldv1:auto_generated|lutrama0~MEMORYREGOUT
    Info (332098): From: emu:emu|system:core|sound:sound|opl3:opl|channels:channels|control_operators:control_operators|mem_multi_bank_reset:kon_mem|mem_simple_dual_port_async_read:bankgen[1].mem_bank|altdpram:ram_rtl_0|dpram_ldv1:auto_generated|lutrama0~CLKMUX_0  to: emu:emu|system:core|sound:sound|opl3:opl|channels:channels|control_operators:control_operators|mem_multi_bank_reset:kon_mem|mem_simple_dual_port_async_read:bankgen[1].mem_bank|altdpram:ram_rtl_0|dpram_ldv1:auto_generated|lutrama0~MEMORYREGOUT
    Info (332098): From: emu:emu|system:core|sound:sound|opl3:opl|channels:channels|control_operators:control_operators|operator:operator|envelope_generator:envelope_generator|mem_multi_bank:env_int_mem|mem_simple_dual_port_async_read:bankgen[0].mem_bank|altdpram:ram_rtl_0|dpram_gfv1:auto_generated|lutrama0~CLKMUX_0  to: emu:emu|system:core|sound:sound|opl3:opl|channels:channels|control_operators:control_operators|operator:operator|envelope_generator:envelope_generator|mem_multi_bank:env_int_mem|mem_simple_dual_port_async_read:bankgen[0].mem_bank|altdpram:ram_rtl_0|dpram_gfv1:auto_generated|lutrama0~MEMORYREGOUT
    Info (332098): From: emu:emu|system:core|sound:sound|opl3:opl|channels:channels|control_operators:control_operators|operator:operator|envelope_generator:envelope_generator|mem_multi_bank:env_int_mem|mem_simple_dual_port_async_read:bankgen[0].mem_bank|altdpram:ram_rtl_0|dpram_gfv1:auto_generated|lutrama1~CLKMUX_0  to: emu:emu|system:core|sound:sound|opl3:opl|channels:channels|control_operators:control_operators|operator:operator|envelope_generator:envelope_generator|mem_multi_bank:env_int_mem|mem_simple_dual_port_async_read:bankgen[0].mem_bank|altdpram:ram_rtl_0|dpram_gfv1:auto_generated|lutrama1~MEMORYREGOUT
    Info (332098): From: emu:emu|system:core|sound:sound|opl3:opl|channels:channels|control_operators:control_operators|operator:operator|envelope_generator:envelope_generator|mem_multi_bank:env_int_mem|mem_simple_dual_port_async_read:bankgen[0].mem_bank|altdpram:ram_rtl_0|dpram_gfv1:auto_generated|lutrama2~CLKMUX_0  to: emu:emu|system:core|sound:sound|opl3:opl|channels:channels|control_operators:control_operators|operator:operator|envelope_generator:envelope_generator|mem_multi_bank:env_int_mem|mem_simple_dual_port_async_read:bankgen[0].mem_bank|altdpram:ram_rtl_0|dpram_gfv1:auto_generated|lutrama2~MEMORYREGOUT
    Info (332098): From: emu:emu|system:core|sound:sound|opl3:opl|channels:channels|control_operators:control_operators|operator:operator|envelope_generator:envelope_generator|mem_multi_bank:env_int_mem|mem_simple_dual_port_async_read:bankgen[0].mem_bank|altdpram:ram_rtl_0|dpram_gfv1:auto_generated|lutrama3~CLKMUX_0  to: emu:emu|system:core|sound:sound|opl3:opl|channels:channels|control_operators:control_operators|operator:operator|envelope_generator:envelope_generator|mem_multi_bank:env_int_mem|mem_simple_dual_port_async_read:bankgen[0].mem_bank|altdpram:ram_rtl_0|dpram_gfv1:auto_generated|lutrama3~MEMORYREGOUT
    Info (332098): From: emu:emu|system:core|sound:sound|opl3:opl|channels:channels|control_operators:control_operators|operator:operator|envelope_generator:envelope_generator|mem_multi_bank:env_int_mem|mem_simple_dual_port_async_read:bankgen[0].mem_bank|altdpram:ram_rtl_0|dpram_gfv1:auto_generated|lutrama4~CLKMUX_0  to: emu:emu|system:core|sound:sound|opl3:opl|channels:channels|control_operators:control_operators|operator:operator|envelope_generator:envelope_generator|mem_multi_bank:env_int_mem|mem_simple_dual_port_async_read:bankgen[0].mem_bank|altdpram:ram_rtl_0|dpram_gfv1:auto_generated|lutrama4~MEMORYREGOUT
    Info (332098): From: emu:emu|system:core|sound:sound|opl3:opl|channels:channels|control_operators:control_operators|operator:operator|envelope_generator:envelope_generator|mem_multi_bank:env_int_mem|mem_simple_dual_port_async_read:bankgen[0].mem_bank|altdpram:ram_rtl_0|dpram_gfv1:auto_generated|lutrama5~CLKMUX_0  to: emu:emu|system:core|sound:sound|opl3:opl|channels:channels|control_operators:control_operators|operator:operator|envelope_generator:envelope_generator|mem_multi_bank:env_int_mem|mem_simple_dual_port_async_read:bankgen[0].mem_bank|altdpram:ram_rtl_0|dpram_gfv1:auto_generated|lutrama5~MEMORYREGOUT
    Info (332098): From: emu:emu|system:core|sound:sound|opl3:opl|channels:channels|control_operators:control_operators|operator:operator|envelope_generator:envelope_generator|mem_multi_bank:env_int_mem|mem_simple_dual_port_async_read:bankgen[0].mem_bank|altdpram:ram_rtl_0|dpram_gfv1:auto_generated|lutrama6~CLKMUX_0  to: emu:emu|system:core|sound:sound|opl3:opl|channels:channels|control_operators:control_operators|operator:operator|envelope_generator:envelope_generator|mem_multi_bank:env_int_mem|mem_simple_dual_port_async_read:bankgen[0].mem_bank|altdpram:ram_rtl_0|dpram_gfv1:auto_generated|lutrama6~MEMORYREGOUT
    Info (332098): From: emu:emu|system:core|sound:sound|opl3:opl|channels:channels|control_operators:control_operators|operator:operator|envelope_generator:envelope_generator|mem_multi_bank:env_int_mem|mem_simple_dual_port_async_read:bankgen[0].mem_bank|altdpram:ram_rtl_0|dpram_gfv1:auto_generated|lutrama7~CLKMUX_0  to: emu:emu|system:core|sound:sound|opl3:opl|channels:channels|control_operators:control_operators|operator:operator|envelope_generator:envelope_generator|mem_multi_bank:env_int_mem|mem_simple_dual_port_async_read:bankgen[0].mem_bank|altdpram:ram_rtl_0|dpram_gfv1:auto_generated|lutrama7~MEMORYREGOUT
    Info (332098): From: emu:emu|system:core|sound:sound|opl3:opl|channels:channels|control_operators:control_operators|operator:operator|envelope_generator:envelope_generator|mem_multi_bank:env_int_mem|mem_simple_dual_port_async_read:bankgen[0].mem_bank|altdpram:ram_rtl_0|dpram_gfv1:auto_generated|lutrama8~CLKMUX_0  to: emu:emu|system:core|sound:sound|opl3:opl|channels:channels|control_operators:control_operators|operator:operator|envelope_generator:envelope_generator|mem_multi_bank:env_int_mem|mem_simple_dual_port_async_read:bankgen[0].mem_bank|altdpram:ram_rtl_0|dpram_gfv1:auto_generated|lutrama8~MEMORYREGOUT
    Info (332098): From: emu:emu|system:core|sound:sound|opl3:opl|channels:channels|control_operators:control_operators|operator:operator|envelope_generator:envelope_generator|mem_multi_bank:env_int_mem|mem_simple_dual_port_async_read:bankgen[1].mem_bank|altdpram:ram_rtl_0|dpram_gfv1:auto_generated|lutrama0~CLKMUX_0  to: emu:emu|system:core|sound:sound|opl3:opl|channels:channels|control_operators:control_operators|operator:operator|envelope_generator:envelope_generator|mem_multi_bank:env_int_mem|mem_simple_dual_port_async_read:bankgen[1].mem_bank|altdpram:ram_rtl_0|dpram_gfv1:auto_generated|lutrama0~MEMORYREGOUT
    Info (332098): From: emu:emu|system:core|sound:sound|opl3:opl|channels:channels|control_operators:control_operators|operator:operator|envelope_generator:envelope_generator|mem_multi_bank:env_int_mem|mem_simple_dual_port_async_read:bankgen[1].mem_bank|altdpram:ram_rtl_0|dpram_gfv1:auto_generated|lutrama1~CLKMUX_0  to: emu:emu|system:core|sound:sound|opl3:opl|channels:channels|control_operators:control_operators|operator:operator|envelope_generator:envelope_generator|mem_multi_bank:env_int_mem|mem_simple_dual_port_async_read:bankgen[1].mem_bank|altdpram:ram_rtl_0|dpram_gfv1:auto_generated|lutrama1~MEMORYREGOUT
    Info (332098): From: emu:emu|system:core|sound:sound|opl3:opl|channels:channels|control_operators:control_operators|operator:operator|envelope_generator:envelope_generator|mem_multi_bank:env_int_mem|mem_simple_dual_port_async_read:bankgen[1].mem_bank|altdpram:ram_rtl_0|dpram_gfv1:auto_generated|lutrama2~CLKMUX_0  to: emu:emu|system:core|sound:sound|opl3:opl|channels:channels|control_operators:control_operators|operator:operator|envelope_generator:envelope_generator|mem_multi_bank:env_int_mem|mem_simple_dual_port_async_read:bankgen[1].mem_bank|altdpram:ram_rtl_0|dpram_gfv1:auto_generated|lutrama2~MEMORYREGOUT
    Info (332098): From: emu:emu|system:core|sound:sound|opl3:opl|channels:channels|control_operators:control_operators|operator:operator|envelope_generator:envelope_generator|mem_multi_bank:env_int_mem|mem_simple_dual_port_async_read:bankgen[1].mem_bank|altdpram:ram_rtl_0|dpram_gfv1:auto_generated|lutrama3~CLKMUX_0  to: emu:emu|system:core|sound:sound|opl3:opl|channels:channels|control_operators:control_operators|operator:operator|envelope_generator:envelope_generator|mem_multi_bank:env_int_mem|mem_simple_dual_port_async_read:bankgen[1].mem_bank|altdpram:ram_rtl_0|dpram_gfv1:auto_generated|lutrama3~MEMORYREGOUT
    Info (332098): From: emu:emu|system:core|sound:sound|opl3:opl|channels:channels|control_operators:control_operators|operator:operator|envelope_generator:envelope_generator|mem_multi_bank:env_int_mem|mem_simple_dual_port_async_read:bankgen[1].mem_bank|altdpram:ram_rtl_0|dpram_gfv1:auto_generated|lutrama4~CLKMUX_0  to: emu:emu|system:core|sound:sound|opl3:opl|channels:channels|control_operators:control_operators|operator:operator|envelope_generator:envelope_generator|mem_multi_bank:env_int_mem|mem_simple_dual_port_async_read:bankgen[1].mem_bank|altdpram:ram_rtl_0|dpram_gfv1:auto_generated|lutrama4~MEMORYREGOUT
    Info (332098): From: emu:emu|system:core|sound:sound|opl3:opl|channels:channels|control_operators:control_operators|operator:operator|envelope_generator:envelope_generator|mem_multi_bank:env_int_mem|mem_simple_dual_port_async_read:bankgen[1].mem_bank|altdpram:ram_rtl_0|dpram_gfv1:auto_generated|lutrama5~CLKMUX_0  to: emu:emu|system:core|sound:sound|opl3:opl|channels:channels|control_operators:control_operators|operator:operator|envelope_generator:envelope_generator|mem_multi_bank:env_int_mem|mem_simple_dual_port_async_read:bankgen[1].mem_bank|altdpram:ram_rtl_0|dpram_gfv1:auto_generated|lutrama5~MEMORYREGOUT
    Info (332098): From: emu:emu|system:core|sound:sound|opl3:opl|channels:channels|control_operators:control_operators|operator:operator|envelope_generator:envelope_generator|mem_multi_bank:env_int_mem|mem_simple_dual_port_async_read:bankgen[1].mem_bank|altdpram:ram_rtl_0|dpram_gfv1:auto_generated|lutrama6~CLKMUX_0  to: emu:emu|system:core|sound:sound|opl3:opl|channels:channels|control_operators:control_operators|operator:operator|envelope_generator:envelope_generator|mem_multi_bank:env_int_mem|mem_simple_dual_port_async_read:bankgen[1].mem_bank|altdpram:ram_rtl_0|dpram_gfv1:auto_generated|lutrama6~MEMORYREGOUT
    Info (332098): From: emu:emu|system:core|sound:sound|opl3:opl|channels:channels|control_operators:control_operators|operator:operator|envelope_generator:envelope_generator|mem_multi_bank:env_int_mem|mem_simple_dual_port_async_read:bankgen[1].mem_bank|altdpram:ram_rtl_0|dpram_gfv1:auto_generated|lutrama7~CLKMUX_0  to: emu:emu|system:core|sound:sound|opl3:opl|channels:channels|control_operators:control_operators|operator:operator|envelope_generator:envelope_generator|mem_multi_bank:env_int_mem|mem_simple_dual_port_async_read:bankgen[1].mem_bank|altdpram:ram_rtl_0|dpram_gfv1:auto_generated|lutrama7~MEMORYREGOUT
    Info (332098): From: emu:emu|system:core|sound:sound|opl3:opl|channels:channels|control_operators:control_operators|operator:operator|envelope_generator:envelope_generator|mem_multi_bank:env_int_mem|mem_simple_dual_port_async_read:bankgen[1].mem_bank|altdpram:ram_rtl_0|dpram_gfv1:auto_generated|lutrama8~CLKMUX_0  to: emu:emu|system:core|sound:sound|opl3:opl|channels:channels|control_operators:control_operators|operator:operator|envelope_generator:envelope_generator|mem_multi_bank:env_int_mem|mem_simple_dual_port_async_read:bankgen[1].mem_bank|altdpram:ram_rtl_0|dpram_gfv1:auto_generated|lutrama8~MEMORYREGOUT
    Info (332098): From: emu:emu|system:core|sound:sound|opl3:opl|channels:channels|control_operators:control_operators|operator:operator|envelope_generator:envelope_generator|mem_multi_bank:state_mem|mem_simple_dual_port_async_read:bankgen[0].mem_bank|altdpram:ram_rtl_0|dpram_vdv1:auto_generated|lutrama0~CLKMUX_0  to: emu:emu|system:core|sound:sound|opl3:opl|channels:channels|control_operators:control_operators|operator:operator|envelope_generator:envelope_generator|mem_multi_bank:state_mem|mem_simple_dual_port_async_read:bankgen[0].mem_bank|altdpram:ram_rtl_0|dpram_vdv1:auto_generated|lutrama0~MEMORYREGOUT
    Info (332098): From: emu:emu|system:core|sound:sound|opl3:opl|channels:channels|control_operators:control_operators|operator:operator|envelope_generator:envelope_generator|mem_multi_bank:state_mem|mem_simple_dual_port_async_read:bankgen[0].mem_bank|altdpram:ram_rtl_0|dpram_vdv1:auto_generated|lutrama1~CLKMUX_0  to: emu:emu|system:core|sound:sound|opl3:opl|channels:channels|control_operators:control_operators|operator:operator|envelope_generator:envelope_generator|mem_multi_bank:state_mem|mem_simple_dual_port_async_read:bankgen[0].mem_bank|altdpram:ram_rtl_0|dpram_vdv1:auto_generated|lutrama1~MEMORYREGOUT
    Info (332098): From: emu:emu|system:core|sound:sound|opl3:opl|channels:channels|control_operators:control_operators|operator:operator|envelope_generator:envelope_generator|mem_multi_bank:state_mem|mem_simple_dual_port_async_read:bankgen[0].mem_bank|altdpram:ram_rtl_0|dpram_vdv1:auto_generated|lutrama2~CLKMUX_0  to: emu:emu|system:core|sound:sound|opl3:opl|channels:channels|control_operators:control_operators|operator:operator|envelope_generator:envelope_generator|mem_multi_bank:state_mem|mem_simple_dual_port_async_read:bankgen[0].mem_bank|altdpram:ram_rtl_0|dpram_vdv1:auto_generated|lutrama2~MEMORYREGOUT
    Info (332098): From: emu:emu|system:core|sound:sound|opl3:opl|channels:channels|control_operators:control_operators|operator:operator|envelope_generator:envelope_generator|mem_multi_bank:state_mem|mem_simple_dual_port_async_read:bankgen[0].mem_bank|altdpram:ram_rtl_0|dpram_vdv1:auto_generated|lutrama3~CLKMUX_0  to: emu:emu|system:core|sound:sound|opl3:opl|channels:channels|control_operators:control_operators|operator:operator|envelope_generator:envelope_generator|mem_multi_bank:state_mem|mem_simple_dual_port_async_read:bankgen[0].mem_bank|altdpram:ram_rtl_0|dpram_vdv1:auto_generated|lutrama3~MEMORYREGOUT
    Info (332098): From: emu:emu|system:core|sound:sound|opl3:opl|channels:channels|control_operators:control_operators|operator:operator|envelope_generator:envelope_generator|mem_multi_bank:state_mem|mem_simple_dual_port_async_read:bankgen[1].mem_bank|altdpram:ram_rtl_0|dpram_vdv1:auto_generated|lutrama0~CLKMUX_0  to: emu:emu|system:core|sound:sound|opl3:opl|channels:channels|control_operators:control_operators|operator:operator|envelope_generator:envelope_generator|mem_multi_bank:state_mem|mem_simple_dual_port_async_read:bankgen[1].mem_bank|altdpram:ram_rtl_0|dpram_vdv1:auto_generated|lutrama0~MEMORYREGOUT
    Info (332098): From: emu:emu|system:core|sound:sound|opl3:opl|channels:channels|control_operators:control_operators|operator:operator|envelope_generator:envelope_generator|mem_multi_bank:state_mem|mem_simple_dual_port_async_read:bankgen[1].mem_bank|altdpram:ram_rtl_0|dpram_vdv1:auto_generated|lutrama1~CLKMUX_0  to: emu:emu|system:core|sound:sound|opl3:opl|channels:channels|control_operators:control_operators|operator:operator|envelope_generator:envelope_generator|mem_multi_bank:state_mem|mem_simple_dual_port_async_read:bankgen[1].mem_bank|altdpram:ram_rtl_0|dpram_vdv1:auto_generated|lutrama1~MEMORYREGOUT
    Info (332098): From: emu:emu|system:core|sound:sound|opl3:opl|channels:channels|control_operators:control_operators|operator:operator|envelope_generator:envelope_generator|mem_multi_bank:state_mem|mem_simple_dual_port_async_read:bankgen[1].mem_bank|altdpram:ram_rtl_0|dpram_vdv1:auto_generated|lutrama2~CLKMUX_0  to: emu:emu|system:core|sound:sound|opl3:opl|channels:channels|control_operators:control_operators|operator:operator|envelope_generator:envelope_generator|mem_multi_bank:state_mem|mem_simple_dual_port_async_read:bankgen[1].mem_bank|altdpram:ram_rtl_0|dpram_vdv1:auto_generated|lutrama2~MEMORYREGOUT
    Info (332098): From: emu:emu|system:core|sound:sound|opl3:opl|channels:channels|control_operators:control_operators|operator:operator|envelope_generator:envelope_generator|mem_multi_bank:state_mem|mem_simple_dual_port_async_read:bankgen[1].mem_bank|altdpram:ram_rtl_0|dpram_vdv1:auto_generated|lutrama3~CLKMUX_0  to: emu:emu|system:core|sound:sound|opl3:opl|channels:channels|control_operators:control_operators|operator:operator|envelope_generator:envelope_generator|mem_multi_bank:state_mem|mem_simple_dual_port_async_read:bankgen[1].mem_bank|altdpram:ram_rtl_0|dpram_vdv1:auto_generated|lutrama3~MEMORYREGOUT
    Info (332098): From: emu:emu|system:core|sound:sound|opl3:opl|channels:channels|mem_multi_bank:ch_abcd_cnt_mem|mem_simple_dual_port_async_read:bankgen[0].mem_bank|altdpram:ram_rtl_0|dpram_hfv1:auto_generated|lutrama0~CLKMUX_0  to: emu:emu|system:core|sound:sound|opl3:opl|channels:channels|mem_multi_bank:ch_abcd_cnt_mem|mem_simple_dual_port_async_read:bankgen[0].mem_bank|altdpram:ram_rtl_0|dpram_hfv1:auto_generated|lutrama0~MEMORYREGOUT
    Info (332098): From: emu:emu|system:core|sound:sound|opl3:opl|channels:channels|mem_multi_bank:ch_abcd_cnt_mem|mem_simple_dual_port_async_read:bankgen[0].mem_bank|altdpram:ram_rtl_0|dpram_hfv1:auto_generated|lutrama4~CLKMUX_0  to: emu:emu|system:core|sound:sound|opl3:opl|channels:channels|mem_multi_bank:ch_abcd_cnt_mem|mem_simple_dual_port_async_read:bankgen[0].mem_bank|altdpram:ram_rtl_0|dpram_hfv1:auto_generated|lutrama4~MEMORYREGOUT
    Info (332098): From: emu:emu|system:core|sound:sound|opl3:opl|channels:channels|mem_multi_bank:ch_abcd_cnt_mem|mem_simple_dual_port_async_read:bankgen[0].mem_bank|altdpram:ram_rtl_0|dpram_hfv1:auto_generated|lutrama5~CLKMUX_0  to: emu:emu|system:core|sound:sound|opl3:opl|channels:channels|mem_multi_bank:ch_abcd_cnt_mem|mem_simple_dual_port_async_read:bankgen[0].mem_bank|altdpram:ram_rtl_0|dpram_hfv1:auto_generated|lutrama5~MEMORYREGOUT
    Info (332098): From: emu:emu|system:core|sound:sound|opl3:opl|channels:channels|mem_multi_bank:ch_abcd_cnt_mem|mem_simple_dual_port_async_read:bankgen[0].mem_bank|altdpram:ram_rtl_0|dpram_hfv1:auto_generated|lutrama6~CLKMUX_0  to: emu:emu|system:core|sound:sound|opl3:opl|channels:channels|mem_multi_bank:ch_abcd_cnt_mem|mem_simple_dual_port_async_read:bankgen[0].mem_bank|altdpram:ram_rtl_0|dpram_hfv1:auto_generated|lutrama6~MEMORYREGOUT
    Info (332098): From: emu:emu|system:core|sound:sound|opl3:opl|channels:channels|mem_multi_bank:ch_abcd_cnt_mem|mem_simple_dual_port_async_read:bankgen[0].mem_bank|altdpram:ram_rtl_0|dpram_hfv1:auto_generated|lutrama7~CLKMUX_0  to: emu:emu|system:core|sound:sound|opl3:opl|channels:channels|mem_multi_bank:ch_abcd_cnt_mem|mem_simple_dual_port_async_read:bankgen[0].mem_bank|altdpram:ram_rtl_0|dpram_hfv1:auto_generated|lutrama7~MEMORYREGOUT
    Info (332098): From: emu:emu|system:core|sound:sound|opl3:opl|channels:channels|mem_multi_bank:ch_abcd_cnt_mem|mem_simple_dual_port_async_read:bankgen[1].mem_bank|altdpram:ram_rtl_0|dpram_hfv1:auto_generated|lutrama0~CLKMUX_0  to: emu:emu|system:core|sound:sound|opl3:opl|channels:channels|mem_multi_bank:ch_abcd_cnt_mem|mem_simple_dual_port_async_read:bankgen[1].mem_bank|altdpram:ram_rtl_0|dpram_hfv1:auto_generated|lutrama0~MEMORYREGOUT
    Info (332098): From: emu:emu|system:core|sound:sound|opl3:opl|channels:channels|mem_multi_bank:ch_abcd_cnt_mem|mem_simple_dual_port_async_read:bankgen[1].mem_bank|altdpram:ram_rtl_0|dpram_hfv1:auto_generated|lutrama4~CLKMUX_0  to: emu:emu|system:core|sound:sound|opl3:opl|channels:channels|mem_multi_bank:ch_abcd_cnt_mem|mem_simple_dual_port_async_read:bankgen[1].mem_bank|altdpram:ram_rtl_0|dpram_hfv1:auto_generated|lutrama4~MEMORYREGOUT
    Info (332098): From: emu:emu|system:core|sound:sound|opl3:opl|channels:channels|mem_multi_bank:ch_abcd_cnt_mem|mem_simple_dual_port_async_read:bankgen[1].mem_bank|altdpram:ram_rtl_0|dpram_hfv1:auto_generated|lutrama5~CLKMUX_0  to: emu:emu|system:core|sound:sound|opl3:opl|channels:channels|mem_multi_bank:ch_abcd_cnt_mem|mem_simple_dual_port_async_read:bankgen[1].mem_bank|altdpram:ram_rtl_0|dpram_hfv1:auto_generated|lutrama5~MEMORYREGOUT
    Info (332098): From: emu:emu|system:core|sound:sound|opl3:opl|channels:channels|mem_multi_bank:ch_abcd_cnt_mem|mem_simple_dual_port_async_read:bankgen[1].mem_bank|altdpram:ram_rtl_0|dpram_hfv1:auto_generated|lutrama6~CLKMUX_0  to: emu:emu|system:core|sound:sound|opl3:opl|channels:channels|mem_multi_bank:ch_abcd_cnt_mem|mem_simple_dual_port_async_read:bankgen[1].mem_bank|altdpram:ram_rtl_0|dpram_hfv1:auto_generated|lutrama6~MEMORYREGOUT
    Info (332098): From: emu:emu|system:core|sound:sound|opl3:opl|channels:channels|mem_multi_bank:ch_abcd_cnt_mem|mem_simple_dual_port_async_read:bankgen[1].mem_bank|altdpram:ram_rtl_0|dpram_hfv1:auto_generated|lutrama7~CLKMUX_0  to: emu:emu|system:core|sound:sound|opl3:opl|channels:channels|mem_multi_bank:ch_abcd_cnt_mem|mem_simple_dual_port_async_read:bankgen[1].mem_bank|altdpram:ram_rtl_0|dpram_hfv1:auto_generated|lutrama7~MEMORYREGOUT
    Info (332098): Cell: emu|pll|pll_inst|altera_pll_i|general[0].gpll~FRACTIONAL_PLL  from: refclkin  to: fbclk
    Info (332098): Cell: emu|pll|pll_inst|altera_pll_i|general[0].gpll~PLL_OUTPUT_COUNTER  from: vco0ph[0]  to: divclk
    Info (332098): Cell: emu|pll|pll_inst|altera_pll_i|general[0].gpll~PLL_REFCLK_SELECT  from: clkin[0]  to: clkout
    Info (332098): Cell: emu|pll|pll_inst|altera_pll_i|general[1].gpll~PLL_OUTPUT_COUNTER  from: vco0ph[0]  to: divclk
    Info (332098): Cell: pll_audio|pll_audio_inst|altera_pll_i|general[0].gpll~FRACTIONAL_PLL  from: refclkin  to: fbclk
    Info (332098): Cell: pll_audio|pll_audio_inst|altera_pll_i|general[0].gpll~PLL_OUTPUT_COUNTER  from: vco0ph[0]  to: divclk
    Info (332098): Cell: pll_audio|pll_audio_inst|altera_pll_i|general[0].gpll~PLL_REFCLK_SELECT  from: clkin[0]  to: clkout
    Info (332098): Cell: pll_hdmi|pll_hdmi_inst|altera_pll_i|cyclonev_pll|counter[0].output_counter  from: vco0ph[0]  to: divclk
    Info (332098): Cell: pll_hdmi|pll_hdmi_inst|altera_pll_i|cyclonev_pll|fpll_0|REFCLK_SELECT  from: clkin[0]  to: clkout
    Info (332098): Cell: pll_hdmi|pll_hdmi_inst|altera_pll_i|cyclonev_pll|fpll_0|fpll  from: refclkin  to: fbclk
    Info (332098): From: sysmem|fpga_interfaces|f2sdram|cmd_port_clk_0  to: sysmem_lite:sysmem|sysmem_HPS_fpga_interfaces:fpga_interfaces|f2sdram~FF_762
    Info (332098): From: sysmem|fpga_interfaces|f2sdram|cmd_port_clk_1  to: sysmem_lite:sysmem|sysmem_HPS_fpga_interfaces:fpga_interfaces|f2sdram~FF_827
    Info (332098): From: sysmem|fpga_interfaces|f2sdram|cmd_port_clk_2  to: sysmem_lite:sysmem|sysmem_HPS_fpga_interfaces:fpga_interfaces|f2sdram~FF_920
    Info (332098): From: sysmem|fpga_interfaces|f2sdram|rd_clk_0  to: sysmem_lite:sysmem|sysmem_HPS_fpga_interfaces:fpga_interfaces|f2sdram~FF_7
    Info (332098): From: sysmem|fpga_interfaces|f2sdram|rd_clk_1  to: sysmem_lite:sysmem|sysmem_HPS_fpga_interfaces:fpga_interfaces|f2sdram~FF_6
    Info (332098): From: sysmem|fpga_interfaces|f2sdram|rd_clk_2  to: sysmem_lite:sysmem|sysmem_HPS_fpga_interfaces:fpga_interfaces|f2sdram~FF_5
    Info (332098): From: sysmem|fpga_interfaces|f2sdram|rd_clk_3  to: sysmem_lite:sysmem|sysmem_HPS_fpga_interfaces:fpga_interfaces|f2sdram~FF_4
    Info (332098): From: sysmem|fpga_interfaces|f2sdram|wr_clk_0  to: sysmem_lite:sysmem|sysmem_HPS_fpga_interfaces:fpga_interfaces|f2sdram~FF_3
    Info (332098): From: sysmem|fpga_interfaces|f2sdram|wr_clk_1  to: sysmem_lite:sysmem|sysmem_HPS_fpga_interfaces:fpga_interfaces|f2sdram~FF_2
    Info (332098): From: sysmem|fpga_interfaces|f2sdram|wr_clk_2  to: sysmem_lite:sysmem|sysmem_HPS_fpga_interfaces:fpga_interfaces|f2sdram~FF_1
    Info (332098): From: sysmem|fpga_interfaces|f2sdram|wr_clk_3  to: sysmem_lite:sysmem|sysmem_HPS_fpga_interfaces:fpga_interfaces|f2sdram~FF_0
Info (332123): Deriving Clock Uncertainty. Please refer to report_sdc in TimeQuest to see clock uncertainties.
Info: Found TIMEQUEST_REPORT_SCRIPT_INCLUDE_DEFAULT_ANALYSIS = ON
Critical Warning (332148): Timing requirements not met
    Info (11105): For recommendations on closing timing, run Report Timing Closure Recommendations in the TimeQuest Timing Analyzer.
Info (332146): Worst-case setup slack is -6.493
    Info (332119):     Slack       End Point TNS Clock 
    Info (332119): ========= =================== =====================
    Info (332119):    -6.493          -30813.210 emu|pll|pll_inst|altera_pll_i|general[0].gpll~PLL_OUTPUT_COUNTER|divclk 
    Info (332119):    -0.153              -0.609 pll_hdmi|pll_hdmi_inst|altera_pll_i|cyclonev_pll|counter[0].output_counter|divclk 
    Info (332119):     3.620               0.000 sysmem|fpga_interfaces|clocks_resets|h2f_user0_clk 
    Info (332119):     5.264               0.000 spi_sck 
    Info (332119):     8.205               0.000 FPGA_CLK1_50 
    Info (332119):    11.630               0.000 FPGA_CLK2_50 
    Info (332119):    15.172               0.000 pll_audio|pll_audio_inst|altera_pll_i|general[0].gpll~PLL_OUTPUT_COUNTER|divclk 
Info (332146): Worst-case hold slack is 0.184
    Info (332119):     Slack       End Point TNS Clock 
    Info (332119): ========= =================== =====================
    Info (332119):     0.184               0.000 pll_audio|pll_audio_inst|altera_pll_i|general[0].gpll~PLL_OUTPUT_COUNTER|divclk 
    Info (332119):     0.201               0.000 pll_hdmi|pll_hdmi_inst|altera_pll_i|cyclonev_pll|counter[0].output_counter|divclk 
    Info (332119):     0.246               0.000 emu|pll|pll_inst|altera_pll_i|general[0].gpll~PLL_OUTPUT_COUNTER|divclk 
    Info (332119):     0.286               0.000 FPGA_CLK1_50 
    Info (332119):     0.308               0.000 FPGA_CLK2_50 
    Info (332119):     0.385               0.000 sysmem|fpga_interfaces|clocks_resets|h2f_user0_clk 
    Info (332119):     0.402               0.000 spi_sck 
Info (332146): Worst-case recovery slack is 3.682
    Info (332119):     Slack       End Point TNS Clock 
    Info (332119): ========= =================== =====================
    Info (332119):     3.682               0.000 pll_hdmi|pll_hdmi_inst|altera_pll_i|cyclonev_pll|counter[0].output_counter|divclk 
    Info (332119):     6.236               0.000 sysmem|fpga_interfaces|clocks_resets|h2f_user0_clk 
    Info (332119):     8.254               0.000 emu|pll|pll_inst|altera_pll_i|general[0].gpll~PLL_OUTPUT_COUNTER|divclk 
    Info (332119):    16.123               0.000 FPGA_CLK1_50 
    Info (332119):    38.218               0.000 pll_audio|pll_audio_inst|altera_pll_i|general[0].gpll~PLL_OUTPUT_COUNTER|divclk 
Info (332146): Worst-case removal slack is 1.162
    Info (332119):     Slack       End Point TNS Clock 
    Info (332119): ========= =================== =====================
    Info (332119):     1.162               0.000 pll_audio|pll_audio_inst|altera_pll_i|general[0].gpll~PLL_OUTPUT_COUNTER|divclk 
    Info (332119):     1.266               0.000 FPGA_CLK1_50 
    Info (332119):     1.267               0.000 sysmem|fpga_interfaces|clocks_resets|h2f_user0_clk 
    Info (332119):     1.454               0.000 pll_hdmi|pll_hdmi_inst|altera_pll_i|cyclonev_pll|counter[0].output_counter|divclk 
    Info (332119):     1.706               0.000 emu|pll|pll_inst|altera_pll_i|general[0].gpll~PLL_OUTPUT_COUNTER|divclk 
Info (332146): Worst-case minimum pulse width slack is 1.122
    Info (332119):     Slack       End Point TNS Clock 
    Info (332119): ========= =================== =====================
    Info (332119):     1.122               0.000 pll_hdmi|pll_hdmi_inst|altera_pll_i|cyclonev_pll|fpll_0|fpll|vcoph[0] 
    Info (332119):     1.196               0.000 pll_audio|pll_audio_inst|altera_pll_i|general[0].gpll~FRACTIONAL_PLL|vcoph[0] 
    Info (332119):     1.470               0.000 emu|pll|pll_inst|altera_pll_i|general[0].gpll~FRACTIONAL_PLL|vcoph[0] 
    Info (332119):     1.924               0.000 pll_hdmi|pll_hdmi_inst|altera_pll_i|cyclonev_pll|counter[0].output_counter|divclk 
    Info (332119):     3.584               0.000 sysmem|fpga_interfaces|clocks_resets|h2f_user0_clk 
    Info (332119):     4.205               0.000 spi_sck 
    Info (332119):     4.448               0.000 emu|pll|pll_inst|altera_pll_i|general[0].gpll~PLL_OUTPUT_COUNTER|divclk 
    Info (332119):     9.206               0.000 FPGA_CLK2_50 
    Info (332119):     9.207               0.000 FPGA_CLK1_50 
    Info (332119):     9.730               0.000 FPGA_CLK3_50 
    Info (332119):    18.914               0.000 pll_audio|pll_audio_inst|altera_pll_i|general[0].gpll~PLL_OUTPUT_COUNTER|divclk 
Info (332114): Report Metastability: Found 727 synchronizer chains.
    Info (332114): Design MTBF is not calculated because the design doesn't meet its timing requirements.
Info (332102): Design is not fully constrained for setup requirements
Info (332102): Design is not fully constrained for hold requirements
Info: Quartus Prime TimeQuest Timing Analyzer was successful. 0 errors, 8 warnings
    Info: Peak virtual memory: 6200 megabytes
    Info: Processing ended: Fri Sep 11 01:13:57 2026
    Info: Elapsed time: 00:00:40
    Info: Total CPU time (on all processors): 00:01:05


